"nursery","date","species","batch_id","batch_id2","volume","calliper300","rcd","height_m","sizeindex","logSI","logvol","logH","logD","logRCD"
"logans",2017-01-13,"agathis_robusta","ar_45","ar_45-agathis_robusta",45,24.415,33.79,1.94,47.3651,1.67545845855037,1.65321251377534,0.287801729930226,1.38765672862014,1.5287881917749
"logans",2017-01-13,"agathis_robusta","ar_45","ar_45-agathis_robusta",45,32.61,40.565,2.589,84.42729,1.92648284924083,1.65321251377534,0.413132050434872,1.51335079880596,1.60815148031387
"logans",2017-01-13,"agathis_robusta","ar_45","ar_45-agathis_robusta",45,33.585,44.845,2.308,77.51418,1.88938115711841,1.65321251377534,0.363235804483694,1.52614535263471,1.65171402835092
"logans",2017-01-13,"agathis_robusta","ar_45","ar_45-agathis_robusta",45,31.13,42.425,2.428,75.58364,1.87842780308574,1.65321251377534,0.38524868240322,1.49317912068252,1.62762185098971
"logans",2017-01-13,"agathis_robusta","ar_45","ar_45-agathis_robusta",45,25.69,32.12,1.748,44.90612,1.65230553256473,1.65321251377534,0.242541428298384,1.40976410426635,1.50677553660664
"logans",2017-01-13,"agathis_robusta","ar_45","ar_45-agathis_robusta",45,28.73,36.825,2.22,63.7806,1.80468860044259,1.65321251377534,0.346352974450639,1.45833562599195,1.56614275551467
"logans",2017-01-13,"agathis_robusta","ar_45","ar_45-agathis_robusta",45,32.76,41.2,2.465,80.7534,1.90716081670163,1.65321251377534,0.391816923613249,1.51534389308838,1.61489721603313
"logans",2017-01-13,"agathis_robusta","ar_45","ar_45-agathis_robusta",45,27.135,36.01,2.644,71.74494,1.8557912767291,1.65321251377534,0.422261450813603,1.43352982591549,1.55642312137129
"logans",2017-01-13,"agathis_robusta","ar_45","ar_45-agathis_robusta",45,31.19,37.775,2.467,76.94573,1.88618452424688,1.65321251377534,0.392169149489736,1.49401537475714,1.57720447301106
"logans",2017-01-13,"agathis_robusta","ar_45","ar_45-agathis_robusta",45,25.9,32.07,2.388,61.8492,1.79133408653858,1.65321251377534,0.378034322457331,1.41329976408125,1.50609895992844
"logans",2017-01-13,"agathis_robusta","ar_45","ar_45-agathis_robusta",45,32.545,41.395,2.18,70.9481,1.85094076948251,1.65321251377534,0.338456493604605,1.5124842758779,1.61694788692893
"logans",2017-01-13,"agathis_robusta","ar_45","ar_45-agathis_robusta",45,33.555,45.69,2.12,71.1366,1.85209310408106,1.65321251377534,0.326335860928751,1.52575724315231,1.6598211580557
"logans",2017-01-13,"agathis_robusta","ar_45","ar_45-agathis_robusta",45,32.76,41.99,2.656,87.01056,1.93957196378436,1.65321251377534,0.42422807069598,1.51534389308838,1.62314587463794
"logans",2017-01-13,"agathis_robusta","ar_45","ar_45-agathis_robusta",45,28.66,41.11,1.94,55.6004,1.74507791599155,1.65321251377534,0.287801729930226,1.45727618606133,1.61394747678035
"logans",2017-01-13,"araucaria_heterophylla","ah_400","ah_400-araucaria_heterophylla",400,72.25,81.62,3.48,251.43,2.40041709537517,2.60205999132796,0.541579243946581,1.85883785142859,1.91179659043725
"logans",2017-01-13,"araucaria_heterophylla","ah_400","ah_400-araucaria_heterophylla",400,77.445,87.985,3.698,286.39161,2.45696029092606,2.60205999132796,0.567966906823154,1.8889933841029,1.94440863837179
"logans",2017-01-13,"araucaria_heterophylla","ah_400","ah_400-araucaria_heterophylla",400,68.93,82.42,4.012,276.54716,2.44176920284257,2.60205999132796,0.603360924348381,1.83840827849419,1.91603261018857
"logans",2017-01-13,"araucaria_heterophylla","ah_400","ah_400-araucaria_heterophylla",400,79.32,92.12,3.897,309.11004,2.49011311132596,2.60205999132796,0.59073040579269,1.89938270553327,1.96435392929219
"logans",2017-01-13,"araucaria_heterophylla","ah_400","ah_400-araucaria_heterophylla",400,79.925,84.21,3.725,297.720625,2.47380892202804,2.60205999132796,0.571126277084312,1.90268264494373,1.9253636673541
"logans",2017-01-13,"araucaria_heterophylla","ah_400","ah_400-araucaria_heterophylla",400,81.98,97.58,4.018,329.39564,2.51771784639271,2.60205999132796,0.60400993241223,1.91370791398048,1.98936081377625
"logans",2017-01-13,"araucaria_heterophylla","ah_400","ah_400-araucaria_heterophylla",400,75.99,89.555,3.963,301.14837,2.4787805168444,2.60205999132796,0.59802407233419,1.88075644451021,1.95208983822291
"logans",2017-01-13,"araucaria_heterophylla","ah_400","ah_400-araucaria_heterophylla",400,70.64,86.555,3.53,249.3592,2.39682539595733,2.60205999132796,0.547774705387823,1.84905069056951,1.93729216071157
"logans",2017-01-13,"araucaria_heterophylla","ah_400","ah_400-araucaria_heterophylla",400,77.44,90.885,3.651,282.73344,2.45137717725006,2.60205999132796,0.562411832949727,1.88896534430034,1.95849221155221
"logans",2017-01-13,"araucaria_heterophylla","ah_400","ah_400-araucaria_heterophylla",400,78.13,86.67,3.392,265.01696,2.42327366789425,2.60205999132796,0.530455843584676,1.89281782430958,1.93786879656386
"logans",2017-01-13,"araucaria_heterophylla","ah_400","ah_400-araucaria_heterophylla",400,72.145,85.91,3.503,252.723935,2.40264637506662,2.60205999132796,0.544440137317692,1.85820623774892,1.93404371903553
"logans",2017-01-13,"araucaria_heterophylla","ah_400","ah_400-araucaria_heterophylla",400,76.24,88.04,3.562,271.56688,2.43387680275749,2.60205999132796,0.551693915127225,1.88218288763027,1.94468003388131
"logans",2017-01-13,"araucaria_heterophylla","ah_400","ah_400-araucaria_heterophylla",400,86.25,94.91,4.287,369.75375,2.56791258725594,2.60205999132796,0.632153483510633,1.93575910374531,1.97731197339693
"logans",2017-01-13,"araucaria_heterophylla","ah_400","ah_400-araucaria_heterophylla",400,84.115,94.43,4.093,344.282695,2.53691519390745,2.60205999132796,0.61204174464527,1.92487344926218,1.97510998968616
"logans",2017-01-13,"brachychiton_acerifolius","ba_45","ba_45-brachychiton_acerifolius",45,33.68,42.53,2.013,67.79784,1.83121585771627,1.65321251377534,0.303843774888654,1.52737208282761,1.62869538271402
"logans",2017-01-13,"brachychiton_acerifolius","ba_45","ba_45-brachychiton_acerifolius",45,34.665,44.66,2.351,81.497415,1.91114383365973,1.65321251377534,0.371252629124939,1.53989120453479,1.64991871873542
"logans",2017-01-13,"brachychiton_acerifolius","ba_45","ba_45-brachychiton_acerifolius",45,33.53,44.47,2.456,82.34968,1.91566191589795,1.65321251377534,0.39022836246913,1.52543355342882,1.64806712944893
"logans",2017-01-13,"brachychiton_acerifolius","ba_45","ba_45-brachychiton_acerifolius",45,37.13,48.775,2.17,80.5721,1.90618468307469,1.65321251377534,0.33645973384853,1.56972494922616,1.68819727806656
"logans",2017-01-13,"brachychiton_acerifolius","ba_45","ba_45-brachychiton_acerifolius",45,48.22,58.415,2.453,118.28366,2.07292475424782,1.65321251377534,0.389697548206386,1.68322720604143,1.76652438102952
"logans",2017-01-13,"brachychiton_acerifolius","ba_45","ba_45-brachychiton_acerifolius",45,41.33,50.835,2.703,111.71499,2.04811145098043,1.65321251377534,0.431846045698725,1.61626540528171,1.70616282789306
"logans",2017-01-13,"brachychiton_acerifolius","ba_45","ba_45-brachychiton_acerifolius",45,39.09,50.435,2.386,93.26874,1.96973610976657,1.65321251377534,0.377670439334323,1.59206567043225,1.70273202516427
"logans",2017-01-13,"brachychiton_acerifolius","ba_45","ba_45-brachychiton_acerifolius",45,41.535,54.855,2.213,91.916955,1.96339562872851,1.65321251377534,0.344981413927258,1.61841421480126,1.73921621939373
"logans",2017-01-13,"brachychiton_acerifolius","ba_45","ba_45-brachychiton_acerifolius",45,37.975,47.095,2.51,95.31725,1.97917150401586,1.65321251377534,0.399673721481038,1.57949778253482,1.67297480123343
"logans",2017-01-13,"brachychiton_acerifolius","ba_45","ba_45-brachychiton_acerifolius",45,33.31,45.62,1.903,63.38893,1.8020134209782,1.65321251377534,0.27943878828702,1.52257463269118,1.65915528094063
"logans",2017-01-13,"brachychiton_acerifolius","ba_45","ba_45-brachychiton_acerifolius",45,42.205,49.995,1.948,82.21534,1.9149528571483,1.65321251377534,0.289588952542597,1.6253639046057,1.69892657271621
"logans",2017-01-13,"brachychiton_acerifolius","ba_45","ba_45-brachychiton_acerifolius",45,39.035,48.31,1.845,72.019575,1.85745055419579,1.65321251377534,0.265996370495079,1.59145418370071,1.68403703748652
"logans",2017-01-13,"brachychiton_acerifolius","ba_45","ba_45-brachychiton_acerifolius",45,37.295,47.37,1.974,73.62033,1.86699775982157,1.65321251377534,0.295347148333618,1.57165061148795,1.67550338472796
"logans",2017-01-13,"brachychiton_acerifolius","ba_45","ba_45-brachychiton_acerifolius",45,36.335,47.705,2.317,84.188195,1.92525119831925,1.65321251377534,0.364926033789976,1.56032516452928,1.67856390018495
"logans",2017-01-13,"brachychiton_acerifolius","ba_45","ba_45-brachychiton_acerifolius",45,40.35,48.945,2.219,89.53665,1.9520008412901,1.65321251377534,0.346157302232008,1.60584353905809,1.68970833284356
"logans",2017-01-13,"brachychiton_acerifolius","ba_45","ba_45-brachychiton_acerifolius",45,49.48,61.92,2.234,110.53832,2.04351285973667,1.65321251377534,0.34908316877959,1.69442969095708,1.79183094767484
"logans",2017-01-13,"brachychiton_acerifolius","ba_45","ba_45-brachychiton_acerifolius",45,39.74,47.06,2.371,94.22354,1.97415941675198,1.65321251377534,0.374931553978188,1.5992278627738,1.67265192284
"logans",2017-01-13,"brachychiton_acerifolius","ba_45","ba_45-brachychiton_acerifolius",45,36.77,48.39,2.087,76.73899,1.88501607893432,1.65321251377534,0.319522449065454,1.56549362986886,1.68475562210862
"logans",2017-01-13,"brachychiton_acerifolius","ba_45","ba_45-brachychiton_acerifolius",45,37.855,45.23,1.877,71.053835,1.85158752314161,1.65321251377534,0.273464272621346,1.57812325052026,1.65542658774592
"logans",2017-01-13,"brachychiton_acerifolius","ba_45","ba_45-brachychiton_acerifolius",45,48.155,59.2,2.292,110.37126,2.04285600049157,1.65321251377534,0.360214613295352,1.68264138719622,1.77232170672292
"logans",2017-01-13,"brachychiton_acerifolius","ba_45","ba_45-brachychiton_acerifolius",45,42.38,53.94,2.157,91.41366,1.96101109747732,1.65321251377534,0.333850145102545,1.62716095237478,1.73191094211687
"logans",2017-01-13,"brachychiton_acerifolius","ba_45","ba_45-brachychiton_acerifolius",45,37.125,49.185,2.277,84.533625,1.92702949294041,1.65321251377534,0.357363030615143,1.56966646232527,1.69183267572505
"logans",2017-01-13,"brachychiton_acerifolius","ba_45","ba_45-brachychiton_acerifolius",45,33.755,44.81,2.272,76.69136,1.88474643936382,1.65321251377534,0.356408327038981,1.52833811232484,1.65137494391304
"logans",2017-01-13,"brachychiton_acerifolius","ba_45","ba_45-brachychiton_acerifolius",45,37.37,48.485,1.967,73.50679,1.86632745776897,1.65321251377534,0.293804359919337,1.57252309784964,1.68560739994617
"logans",2017-01-13,"brachychiton_acerifolius","ba_45","ba_45-brachychiton_acerifolius",45,34.575,43.655,1.967,68.009025,1.83256654870068,1.65321251377534,0.293804359919337,1.53876218878135,1.64003399255592
"logans",2017-01-13,"brachychiton_acerifolius","ba_45","ba_45-brachychiton_acerifolius",45,38.585,46.755,2.229,86.005965,1.93452857306621,1.65321251377534,0.348110068480238,1.58641850458597,1.66982806133252
"logans",2017-01-13,"brachychiton_acerifolius","ba_45","ba_45-brachychiton_acerifolius",45,40.295,50.95,2.139,86.191005,1.9354619446797,1.65321251377534,0.330210784571528,1.60525116010817,1.70714418834245
"logans",2017-01-13,"brachychiton_acerifolius","ba_45","ba_45-brachychiton_acerifolius",45,35.265,48.245,2.047,72.187455,1.85846173084313,1.65321251377534,0.311117842662506,1.54734388818062,1.68345231073828
"logans",2017-01-13,"brachychiton_acerifolius","ba_45","ba_45-brachychiton_acerifolius",45,43.885,53.865,2.131,93.518935,1.97089955240681,1.65321251377534,0.328583449714202,1.64231610269261,1.73130666418175
"logans",2017-01-13,"brachychiton_acerifolius","ba_100","ba_100-brachychiton_acerifolius",100,73.45,76.8,3.621,265.96245,2.42482032494329,2,0.558828524817012,1.86599180012628,1.88536122003151
"logans",2017-01-13,"brachychiton_acerifolius","ba_100","ba_100-brachychiton_acerifolius",100,69.02,77.89,3.171,218.86242,2.34017119698256,2,0.501196242027089,1.83897495495547,1.89148170383952
"logans",2017-01-13,"brachychiton_acerifolius","ba_100","ba_100-brachychiton_acerifolius",100,71.945,76.625,2.724,195.97818,2.29220772016711,2,0.435207103240748,1.85700061692636,1.88437048752647
"logans",2017-01-13,"brachychiton_acerifolius","ba_100","ba_100-brachychiton_acerifolius",100,62.675,70.88,2.631,164.897925,2.21721519071596,2,0.420120848085703,1.79709434263025,1.85052370887899
"logans",2017-01-13,"brachychiton_acerifolius","ba_100","ba_100-brachychiton_acerifolius",100,65.035,68.82,2.952,191.98332,2.28326349773147,2,0.470116353151004,1.81314714458047,1.83771466828491
"logans",2017-01-13,"brachychiton_acerifolius","ba_100","ba_100-brachychiton_acerifolius",100,64.425,83.315,3.084,198.6867,2.29816879660186,2,0.489114369378919,1.80905442722294,1.92072319865489
"logans",2017-01-13,"brachychiton_acerifolius","ba_100","ba_100-brachychiton_acerifolius",100,58.635,63.51,3.247,190.387845,2.27963921811393,2,0.511482288626001,1.76815692948793,1.80284211273907
"logans",2017-01-13,"brachychiton_acerifolius","ba_100","ba_100-brachychiton_acerifolius",100,61.715,70.305,3.102,191.43993,2.28203252680566,2,0.491641793477586,1.79039073332807,1.84698621257589
"logans",2017-01-13,"brachychiton_acerifolius","ba_100","ba_100-brachychiton_acerifolius",100,63.675,69.495,3.048,194.0814,2.28798391630322,2,0.484014962667563,1.80396895363565,1.84195355925884
"logans",2017-01-13,"brachychiton_acerifolius","ba_100","ba_100-brachychiton_acerifolius",100,58.35,62.735,3.217,187.71195,2.27349192128336,2,0.50745106090197,1.76604086038139,1.79750990232888
"logans",2017-01-13,"brachychiton_acerifolius","ba_100","ba_100-brachychiton_acerifolius",100,62.25,63.895,3,186.75,2.27126061048744,2,0.477121254719662,1.79413935576777,1.80546687447499
"logans",2017-01-13,"brachychiton_acerifolius","ba_100","ba_100-brachychiton_acerifolius",100,63.355,66.58,3.085,195.450175,2.29103606362219,2,0.48925516836926,1.80178089525293,1.82334379082065
"logans",2017-01-13,"elaeocarpus_reticulatus","er_100","er_100-elaeocarpus_reticulatus",100,36.915,42.38,2.828,104.39562,2.01868227788335,2,0.451479405124862,1.56720287275848,1.62716095237478
"logans",2017-01-13,"elaeocarpus_reticulatus","er_100","er_100-elaeocarpus_reticulatus",100,37.945,43.86,2.863,108.636535,2.03597590518405,2,0.456821348021599,1.57915455716245,1.6420686273415
"logans",2017-01-13,"elaeocarpus_reticulatus","er_100","er_100-elaeocarpus_reticulatus",100,38.035,45.115,3.098,117.83243,2.07126483401423,2,0.491081413423187,1.58018342059104,1.65432096170368
"logans",2017-01-13,"elaeocarpus_reticulatus","er_100","er_100-elaeocarpus_reticulatus",100,35.825,36.26,3.127,112.024775,2.04931408031232,2,0.495127881242933,1.55418619906938,1.55942779975949
"logans",2017-01-13,"elaeocarpus_reticulatus","er_100","er_100-elaeocarpus_reticulatus",100,42,45.22,3.27,137.34,2.13779704305819,2,0.514547752660286,1.6232492903979,1.65533055800934
"logans",2017-01-13,"elaeocarpus_reticulatus","er_100","er_100-elaeocarpus_reticulatus",100,37.515,41.055,3.23,121.17345,2.08340747311729,2,0.509202522331103,1.57420495078618,1.6133660564658
"logans",2017-01-13,"elaeocarpus_reticulatus","er_100","er_100-elaeocarpus_reticulatus",100,48.295,49.56,3.572,172.50974,2.23681362061994,2,0.552911450216509,1.68390217040343,1.69513129770403
"logans",2017-01-13,"elaeocarpus_reticulatus","er_100","er_100-elaeocarpus_reticulatus",100,43.155,50.285,3.089,133.305795,2.12484902924746,2,0.489817908301451,1.63503112094601,1.70143845446435
"logans",2017-01-13,"elaeocarpus_reticulatus","er_100","er_100-elaeocarpus_reticulatus",100,37.865,50.155,3.083,116.737795,2.06721148588714,2,0.488973524726508,1.57823796116063,1.70031423474762
"logans",2017-01-13,"elaeocarpus_reticulatus","er_100","er_100-elaeocarpus_reticulatus",100,39.205,43.7,3.027,118.673535,2.07435387914883,2,0.481012420956573,1.59334145819226,1.64048143697042
"logans",2017-01-13,"elaeocarpus_reticulatus","er_100","er_100-elaeocarpus_reticulatus",100,36.17,49.265,3.095,111.94615,2.04900916211776,2,0.490660653356137,1.55834850876162,1.69253848712575
"logans",2017-01-13,"elaeocarpus_reticulatus","er_100","er_100-elaeocarpus_reticulatus",100,42.695,48.165,3.053,130.347835,2.11510382219125,2,0.484726804298662,1.63037701789259,1.68273156462218
"logans",2017-01-13,"elaeocarpus_reticulatus","er_100","er_100-elaeocarpus_reticulatus",100,40.755,47.36,3.23,131.63865,2.11938341980468,2,0.509202522331103,1.61018089747357,1.67541169371486
"logans",2017-01-13,"elaeocarpus_reticulatus","er_100","er_100-elaeocarpus_reticulatus",100,43.23,44.785,3.42,147.8466,2.16981134158979,2,0.534026106056135,1.63578523553365,1.65113257855048
"logans",2017-01-13,"elaeocarpus_reticulatus","er_100","er_100-elaeocarpus_reticulatus",100,40.91,49.275,5.348,218.78668,2.34002087808832,2,0.728191398589947,1.61182947949837,1.69262663295148
"logans",2017-01-13,"elaeocarpus_reticulatus","er_100","er_100-elaeocarpus_reticulatus",100,34.49,41.505,3.23,111.4027,2.04689571669849,2,0.509202522331103,1.53769319436739,1.61810041819663
"logans",2017-01-13,"elaeocarpus_reticulatus","er_100","er_100-elaeocarpus_reticulatus",100,42.74,51.005,3.619,154.67606,2.18942310093625,2,0.558588583108199,1.63083451782805,1.7076127519013
"logans",2017-01-13,"elaeocarpus_reticulatus","er_100","er_100-elaeocarpus_reticulatus",100,41.365,43.1,3.317,137.207705,2.13737850018288,2,0.520745471519482,1.61663302866339,1.63447727016073
"logans",2017-01-13,"ficus_microcarpa_hillii","fmh_400","fmh_400-ficus_microcarpa_hillii",400,93.085,100.49,4.09,380.71765,2.58060301109312,2.60205999132796,0.611723308007342,1.96887970308578,2.00212284622516
"logans",2017-01-13,"ficus_microcarpa_hillii","fmh_400","fmh_400-ficus_microcarpa_hillii",400,92.705,104.93,4.936,457.59188,2.66047830926731,2.60205999132796,0.693375151025185,1.96710315824212,2.02089967286254
"logans",2017-01-13,"ficus_microcarpa_hillii","fmh_400","fmh_400-ficus_microcarpa_hillii",400,104.885,114.775,4.68,490.8618,2.69095923561437,2.60205999132796,0.670245853074124,2.02071338254025,2.05984730143806
"logans",2017-01-13,"ficus_microcarpa_hillii","fmh_400","fmh_400-ficus_microcarpa_hillii",400,97.975,105,5.352,524.3622,2.71963137690991,2.60205999132796,0.728516104759767,1.99111527215014,2.02118929906994
"logans",2017-01-13,"ficus_microcarpa_hillii","fmh_400","fmh_400-ficus_microcarpa_hillii",400,111.48,113.34,5.243,584.48964,2.76677681775499,2.60205999132796,0.719579857713723,2.04719696004127,2.05438320830548
"logans",2017-01-13,"ficus_microcarpa_hillii","fmh_400","fmh_400-ficus_microcarpa_hillii",400,107.005,118.165,5.337,571.085685,2.75670127414932,2.60205999132796,0.727297202803588,2.02940407134573,2.07248885930514
"logans",2017-01-13,"ficus_microcarpa_hillii","fmh_400","fmh_400-ficus_microcarpa_hillii",400,99.53,112.745,4.776,475.35528,2.67701832219072,2.60205999132796,0.679064318121313,1.9979540040694,2.05209729094415
"logans",2017-01-13,"ficus_microcarpa_hillii","fmh_400","fmh_400-ficus_microcarpa_hillii",400,99.12,108.845,1.455,144.2196,2.15902428668993,2.60205999132796,0.162862993321926,1.99616129336801,2.03680848370064
"logans",2017-01-13,"ficus_microcarpa_hillii","fmh_400","fmh_400-ficus_microcarpa_hillii",400,93.325,111.42,5.326,497.04895,2.69639916070126,2.60205999132796,0.726401162102922,1.96999799859834,2.04696315412342
"logans",2017-01-13,"ficus_microcarpa_hillii","fmh_400","fmh_400-ficus_microcarpa_hillii",400,100.34,110.12,4.568,458.35312,2.66120019192952,2.60205999132796,0.659726095237792,2.00147409669173,2.04186620272129
"logans",2017-01-13,"ficus_microcarpa_hillii","fmh_400","fmh_400-ficus_microcarpa_hillii",400,99.205,115.5,4.923,488.386215,2.68876339721813,2.60205999132796,0.692229835772756,1.99653356144538,2.06258198422816
"logans",2017-01-13,"ficus_microcarpa_hillii","fmh_400","fmh_400-ficus_microcarpa_hillii",400,97.62,106.445,4.156,405.70872,2.60821434220564,2.60205999132796,0.61867553888514,1.9895388033205,2.02712526630597
"logans",2017-01-13,"ficus_microcarpa_hillii","fmh_400","fmh_400-ficus_microcarpa_hillii",400,99.28,112.055,5.188,515.06464,2.71186173590272,2.60205999132796,0.714999967412042,1.99686176849067,2.04943123993366
"logans",2017-01-13,"ficus_microcarpa_hillii","fmh_400","fmh_400-ficus_microcarpa_hillii",400,106.565,118.31,4.896,521.74224,2.71745599841743,2.60205999132796,0.689841409137505,2.02761458927993,2.07302145435974
"logans",2017-01-13,"ficus_microcarpa_hillii","fmh_400","fmh_400-ficus_microcarpa_hillii",400,107.44,116.3,4.143,445.12392,2.64848093295895,2.60205999132796,0.617314933298294,2.03116599966066,2.06557971472845
"logans",2017-01-13,"ficus_microcarpa_hillii","fmh_400","fmh_400-ficus_microcarpa_hillii",400,101.975,113.33,4.871,496.720225,2.6961118435609,2.60205999132796,0.68761812957177,2.00849371398913,2.05434488876763
"logans",2017-01-13,"ficus_microcarpa_hillii","fmh_400","fmh_400-ficus_microcarpa_hillii",400,104.475,114.905,4.611,481.734225,2.68280750203507,2.60205999132796,0.663795122219408,2.01901237981566,2.06033892707962
"logans",2017-01-13,"ficus_microcarpa_hillii","fmh_400","fmh_400-ficus_microcarpa_hillii",400,107.935,110.67,4.617,498.335895,2.69752217041203,2.60205999132796,0.664359874551141,2.03316229586089,2.04402990994647
"logans",2017-01-13,"ficus_microcarpa_hillii","fmh_400","fmh_400-ficus_microcarpa_hillii",400,101.455,119.28,4.139,419.922245,2.62316888160354,2.60205999132796,0.61689542640076,2.00627345520278,2.07656763044494
"logans",2017-01-13,"ficus_microcarpa_hillii","fmh_400","fmh_400-ficus_microcarpa_hillii",400,100.61,118.05,4.472,449.92792,2.65314294387841,2.60205999132796,0.650501794878367,2.00264114900004,2.07206599141475
"logans",2017-01-13,"ficus_microcarpa_hillii","fmh_1000","fmh_1000-ficus_microcarpa_hillii",1000,98.89,110.185,3.926,388.24214,2.58910267215544,3,0.593950295263987,1.99515237689145,2.04212247599828
"logans",2017-01-13,"ficus_microcarpa_hillii","fmh_1000","fmh_1000-ficus_microcarpa_hillii",1000,107.83,112.97,5.188,559.42204,2.74773957262154,3,0.714999967412042,2.03273960520949,2.0529631287555
"logans",2017-01-13,"ficus_microcarpa_hillii","fmh_1000","fmh_1000-ficus_microcarpa_hillii",1000,109.735,121.085,5.002,548.89447,2.7394888553752,3,0.699143687394484,2.04034516798071,2.0830903461099
"logans",2017-01-13,"ficus_microcarpa_hillii","fmh_1000","fmh_1000-ficus_microcarpa_hillii",1000,98.545,106.16,4.546,447.98557,2.65126402522515,3,0.657629431388952,1.99363459383619,2.02596090985638
"logans",2017-01-13,"ficus_microcarpa_hillii","fmh_1000","fmh_1000-ficus_microcarpa_hillii",1000,104.57,112.46,4.916,514.06612,2.7110189822333,3,0.691611874214416,2.01940710801888,2.05099807917338
"logans",2017-01-13,"ficus_microcarpa_hillii","fmh_1000","fmh_1000-ficus_microcarpa_hillii",1000,102.9,114.695,4.354,448.0266,2.65130379946751,3,0.638888424705076,2.01241537476243,2.05954448573265
"logans",2017-01-13,"ficus_microcarpa_hillii","fmh_1000","fmh_1000-ficus_microcarpa_hillii",1000,115.215,121.685,5.308,611.56122,2.78643993835902,3,0.724930914192398,2.06150902416662,2.08523704644103
"logans",2017-01-13,"ficus_microcarpa_hillii","fmh_1000","fmh_1000-ficus_microcarpa_hillii",1000,121.36,129.365,5.038,611.41168,2.78633373094077,3,0.702258163162094,2.08407556777867,2.11181679284798
"logans",2017-01-13,"ficus_microcarpa_hillii","fmh_1000","fmh_1000-ficus_microcarpa_hillii",1000,116.505,118.245,4.386,510.99093,2.70841319155172,3,0.642068627341504,2.06634456421022,2.07278278561857
"logans",2017-01-13,"ficus_microcarpa_hillii","fmh_1000","fmh_1000-ficus_microcarpa_hillii",1000,128.185,144.885,4.546,582.72901,2.76546663911179,3,0.657629431388952,2.10783720772284,2.16102342512309
"logans",2017-01-13,"ficus_microcarpa_hillii","fmh_1000","fmh_1000-ficus_microcarpa_hillii",1000,110.62,118.12,5.419,599.44978,2.77775280514554,3,0.733919151012391,2.04383365413315,2.07232343829304
"logans",2017-01-13,"ficus_microcarpa_hillii","fmh_1000","fmh_1000-ficus_microcarpa_hillii",1000,126.925,134.405,5.538,702.91065,2.8469001234862,3,0.743352951409556,2.10354717207664,2.12841542520604
"logans",2017-01-13,"ficus_microcarpa_hilliiflash","fmf_100","fmf_100-ficus_microcarpa_hilliiflash",100,51.875,68.41,2.43,126.05625,2.10056438331846,2,0.385606273598312,1.71495810972015,1.83511959042455
"logans",2017-01-13,"ficus_microcarpa_hilliiflash","fmf_100","fmf_100-ficus_microcarpa_hilliiflash",100,52.315,63.17,2.473,129.374995,2.11185034601667,2,0.393224116361297,1.71862622965537,1.80051087689437
"logans",2017-01-13,"ficus_microcarpa_hilliiflash","fmf_100","fmf_100-ficus_microcarpa_hilliiflash",100,51.765,65.93,2.368,122.57952,2.08841791639805,2,0.374381698050882,1.71403621834717,1.8190830757437
"logans",2017-01-13,"ficus_microcarpa_hilliiflash","fmf_100","fmf_100-ficus_microcarpa_hilliiflash",100,61.12,74.11,2.592,158.42304,2.19981834276619,2,0.413634997198556,1.78618334556763,1.86987681326677
"logans",2017-01-13,"ficus_microcarpa_hilliiflash","fmf_100","fmf_100-ficus_microcarpa_hilliiflash",100,48.21,62.425,2.426,116.95746,2.06802792801356,2,0.384890796530554,1.68313713148301,1.79535855102339
"logans",2017-01-13,"ficus_microcarpa_hilliiflash","fmf_100","fmf_100-ficus_microcarpa_hilliiflash",100,48.64,64.035,2.423,117.85472,2.07134698040218,2,0.384353414137506,1.68699356626468,1.80641741385963
"logans",2017-01-13,"ficus_microcarpa_hilliiflash","fmf_100","fmf_100-ficus_microcarpa_hilliiflash",100,51.65,65.305,2.569,132.68885,2.12283443012199,2,0.409764104266346,1.71307032585564,1.81494643379084
"logans",2017-01-13,"ficus_microcarpa_hilliiflash","fmf_100","fmf_100-ficus_microcarpa_hilliiflash",100,59.12,71.24,2.318,137.04016,2.13684785701435,2,0.365113431627577,1.77173442538677,1.85272391079121
"logans",2017-01-13,"ficus_microcarpa_hilliiflash","fmf_100","fmf_100-ficus_microcarpa_hilliiflash",100,49.185,64.04,2.679,131.766615,2.11980538933326,2,0.427972713608209,1.69183267572505,1.80645132324726
"logans",2017-01-13,"ficus_microcarpa_hilliiflash","fmf_100","fmf_100-ficus_microcarpa_hilliiflash",100,51.955,65.23,2.277,118.301535,2.07299037977336,2,0.357363030615143,1.71562734915822,1.81444737852249
"logans",2017-01-13,"ficus_microcarpa_hilliiflash","fmf_100","fmf_100-ficus_microcarpa_hilliiflash",100,54.99,71.575,2.692,148.03308,2.17035877523382,2,0.430075055551939,1.74028371968188,1.85476135669364
"logans",2017-01-13,"ficus_microcarpa_hilliiflash","fmf_100","fmf_100-ficus_microcarpa_hilliiflash",100,49.34,64.225,2.342,115.55428,2.06278603589006,2,0.369586890736344,1.69319914515372,1.80770411293838
"logans",2017-01-13,"ficus_microcarpa_hilliiflash","fmf_100","fmf_100-ficus_microcarpa_hilliiflash",100,51.335,62.795,2.364,121.35594,2.08406103856731,2,0.373647472209218,1.71041356635809,1.79792506477449
"logans",2017-01-13,"ficus_microcarpa_hilliiflash","fmf_100","fmf_100-ficus_microcarpa_hilliiflash",100,48.955,63.72,2.26,110.6383,2.0439054940509,2,0.354108439147401,1.6897970549035,1.80427576712909
"logans",2017-01-13,"ficus_microcarpa_hilliiflash","fmf_100","fmf_100-ficus_microcarpa_hilliiflash",100,61.365,73.095,2.834,173.90841,2.2403205844655,2,0.452399845911442,1.78792073855405,1.86388767043698
"logans",2017-01-13,"ficus_microcarpa_hilliiflash","fmf_100","fmf_100-ficus_microcarpa_hilliiflash",100,56.425,65.065,2.8,157.99,2.19862959909202,2,0.447158031342219,1.7514715677498,1.81334743412217
"logans",2017-01-13,"ficus_microcarpa_hilliiflash","fmf_100","fmf_100-ficus_microcarpa_hilliiflash",100,49.3,64.79,2.85,140.505,2.14769177928574,2,0.45484486000851,1.69284691927723,1.81150797994533
"logans",2017-01-13,"ficus_microcarpa_hilliiflash","fmf_100","fmf_100-ficus_microcarpa_hilliiflash",100,47.43,63.055,2.331,110.55933,2.04359539817245,2,0.367542273520577,1.67605312465187,1.79971953002588
"logans",2017-01-13,"ficus_microcarpa_hilliiflash","fmf_100","fmf_100-ficus_microcarpa_hilliiflash",100,48.955,63.91,2.031,99.427605,1.9975069783083,2,0.307709923404807,1.6897970549035,1.80556881754856
"logans",2017-01-13,"ficus_microcarpa_hilliiflash","fmf_100","fmf_100-ficus_microcarpa_hilliiflash",100,53.8,70.98,2.204,118.5752,2.07399386584614,2,0.343211590179747,1.73078227566639,1.85113599501157
"logans",2017-01-13,"jacaranda_mimosifolia","jm_45","jm_45-jacaranda_mimosifolia",45,18.65,32.88,1.725,32.17125,1.507467935554,1.65321251377534,0.236789099409293,1.27067883614471,1.51693180886801
"logans",2017-01-13,"jacaranda_mimosifolia","jm_45","jm_45-jacaranda_mimosifolia",45,19.73,28.145,1.63,32.1599,1.50731468965615,1.65321251377534,0.212187604403958,1.29512708525219,1.44940125299622
"logans",2017-01-13,"jacaranda_mimosifolia","jm_45","jm_45-jacaranda_mimosifolia",45,18.57,27.34,2.012,37.36284,1.57243988012367,1.65321251377534,0.30362797638389,1.26881190373978,1.4367985102318
"logans",2017-01-13,"jacaranda_mimosifolia","jm_45","jm_45-jacaranda_mimosifolia",45,23.24,34.335,2.187,50.82588,1.70608490675593,1.65321251377534,0.339848783037637,1.36623612371829,1.53573705173022
"logans",2017-01-13,"jacaranda_mimosifolia","jm_45","jm_45-jacaranda_mimosifolia",45,18.81,29.005,2.164,40.70484,1.60964605198491,1.65321251377534,0.335257256434532,1.27438879555038,1.46247286980362
"logans",2017-01-13,"jacaranda_mimosifolia","jm_45","jm_45-jacaranda_mimosifolia",45,20.72,30.85,2.35,48.692,1.68745761334493,1.65321251377534,0.371067862271736,1.3163897510732,1.48925516836926
"logans",2017-01-13,"jacaranda_mimosifolia","jm_45","jm_45-jacaranda_mimosifolia",45,24.755,30.48,2.04,50.5002,1.7032930980934,1.65321251377534,0.309630167425899,1.3936629306675,1.48401496266756
"logans",2017-01-13,"jacaranda_mimosifolia","jm_45","jm_45-jacaranda_mimosifolia",45,21.115,32.425,2.254,47.59321,1.67754499747101,1.65321251377534,0.352953911710088,1.32459108576093,1.51087998475612
"logans",2017-01-13,"jacaranda_mimosifolia","jm_45","jm_45-jacaranda_mimosifolia",45,20.06,28.665,2.195,44.0317,1.64376545326254,1.65321251377534,0.34143452457814,1.3023309286844,1.45735194611069
"logans",2017-01-13,"jacaranda_mimosifolia","jm_45","jm_45-jacaranda_mimosifolia",45,19.24,28.485,2.22,42.7128,1.63055804215243,1.65321251377534,0.346352974450639,1.28420506770179,1.4546162237927
"logans",2017-01-13,"jacaranda_mimosifolia","jm_45","jm_45-jacaranda_mimosifolia",45,19.17,27.43,2.035,39.01095,1.5911865264393,1.65321251377534,0.308564413561239,1.28262211287806,1.43822580760453
"logans",2017-01-13,"jacaranda_mimosifolia","jm_45","jm_45-jacaranda_mimosifolia",45,21.69,33.555,2.06,44.6814,1.65012677238335,1.65321251377534,0.313867220369153,1.33625955201419,1.52575724315231
"logans",2017-01-13,"jacaranda_mimosifolia","jm_45","jm_45-jacaranda_mimosifolia",45,22.355,34.62,2.238,50.03049,1.69923475639638,1.65321251377534,0.349860082192331,1.34937467420405,1.53932706353938
"logans",2017-01-13,"jacaranda_mimosifolia","jm_45","jm_45-jacaranda_mimosifolia",45,20.03,27.27,2.178,43.62534,1.63973882471333,1.65321251377534,0.338057875419756,1.30168094929358,1.43568513794163
"logans",2017-01-13,"jacaranda_mimosifolia","jm_45","jm_45-jacaranda_mimosifolia",45,20.66,30.8,2.09,43.1794,1.63527660329466,1.65321251377534,0.320146286111054,1.3151303171836,1.48855071650044
"logans",2017-01-13,"jacaranda_mimosifolia","jm_45","jm_45-jacaranda_mimosifolia",45,21.53,29.79,2.193,47.21529,1.67408266150101,1.65321251377534,0.341038631677523,1.33304402982349,1.47407050321504
"logans",2017-01-13,"jacaranda_mimosifolia","jm_45","jm_45-jacaranda_mimosifolia",45,22.375,30.155,2.359,52.782625,1.72249098487355,1.65321251377534,0.372727940885595,1.34976304398795,1.47935933280697
"logans",2017-01-13,"jacaranda_mimosifolia","jm_45","jm_45-jacaranda_mimosifolia",45,24.115,34.735,1.992,48.03708,1.68157660034558,1.65321251377534,0.29928933408768,1.3822872662579,1.54076730321037
"logans",2017-01-13,"jacaranda_mimosifolia","jm_45","jm_45-jacaranda_mimosifolia",45,19.21,30.585,2.032,39.03472,1.59145106847358,1.65321251377534,0.307923703611882,1.28352736486169,1.48550848483382
"logans",2017-01-13,"jacaranda_mimosifolia","jm_45","jm_45-jacaranda_mimosifolia",45,18.755,30.58,2.232,41.86116,1.62181125875228,1.65321251377534,0.348694190265541,1.27311706848674,1.4854374810763
"logans",2017-01-13,"jacaranda_mimosifolia","jm_45","jm_45-jacaranda_mimosifolia",45,19.245,28.285,2.325,44.744625,1.65074087265658,1.65321251377534,0.366422957225973,1.28431791543061,1.45155618307643
"logans",2017-01-13,"jacaranda_mimosifolia","jm_45","jm_45-jacaranda_mimosifolia",45,20.96,31.135,1.803,37.79088,1.57738700503409,1.65321251377534,0.255995726722402,1.32139127831169,1.49324887005742
"logans",2017-01-13,"jacaranda_mimosifolia","jm_45","jm_45-jacaranda_mimosifolia",45,23.225,31.235,2.531,58.782475,1.76924786782393,1.65321251377534,0.403292145158254,1.36595572266568,1.49464151028204
"logans",2017-01-13,"jacaranda_mimosifolia","jm_45","jm_45-jacaranda_mimosifolia",45,26.25,30.035,1.724,45.255,1.65566656923067,1.65321251377534,0.236537261488694,1.41912930774198,1.47762763628337
"logans",2017-01-13,"jacaranda_mimosifolia","jm_45","jm_45-jacaranda_mimosifolia",45,20.395,28.96,2.156,43.97162,1.64317246616781,1.65321251377534,0.333648756514701,1.30952370965311,1.46179855752511
"logans",2017-01-13,"jacaranda_mimosifolia","jm_45","jm_45-jacaranda_mimosifolia",45,21.13,31.24,2.165,45.74645,1.6603573977417,1.65321251377534,0.335457900689384,1.32489949705231,1.49471102520526
"logans",2017-01-13,"jacaranda_mimosifolia","jm_45","jm_45-jacaranda_mimosifolia",45,20.375,30.025,2.125,43.296875,1.63645655179834,1.65321251377534,0.32735893438633,1.30909761741201,1.47748301607494
"logans",2017-01-13,"jacaranda_mimosifolia","jm_45","jm_45-jacaranda_mimosifolia",45,21.61,31.82,1.934,41.79374,1.62111123663022,1.65321251377534,0.286456469746983,1.33465476688324,1.50270017531056
"logans",2017-01-13,"jacaranda_mimosifolia","jm_45","jm_45-jacaranda_mimosifolia",45,19.16,25.705,2.065,39.5654,1.59731556073495,1.65321251377534,0.31492005599242,1.28239550474253,1.41001760820305
"logans",2017-01-13,"jacaranda_mimosifolia","jm_45","jm_45-jacaranda_mimosifolia",45,20.36,31.84,2.18,44.3848,1.64723426726933,1.65321251377534,0.338456493604605,1.30877777366472,1.50297305906563
"logans",2017-01-13,"jacaranda_mimosifolia","jm_45","jm_45-jacaranda_mimosifolia",45,22.745,29.225,2.115,48.105675,1.68219631287704,1.65321251377534,0.325310371711061,1.35688594116597,1.46575451983388
"logans",2017-01-13,"jacaranda_mimosifolia","jm_45","jm_45-jacaranda_mimosifolia",45,21.86,28.37,2.183,47.72038,1.67870389332282,1.65321251377534,0.339053735709139,1.33965015761368,1.45285933579585
"logans",2017-01-13,"jacaranda_mimosifolia","jm_45","jm_45-jacaranda_mimosifolia",45,20.06,28.465,2.077,41.66462,1.6197674252195,1.65321251377534,0.317436496535099,1.3023309286844,1.45431118814757
"logans",2017-01-13,"jacaranda_mimosifolia","jm_45","jm_45-jacaranda_mimosifolia",45,18.915,27.465,2.21,41.80215,1.62119861931387,1.65321251377534,0.344392273685111,1.27680634562876,1.43877960335738
"logans",2017-01-13,"jacaranda_mimosifolia","jm_45","jm_45-jacaranda_mimosifolia",45,24.63,33.36,2.302,56.69826,1.75356973113288,1.65321251377534,0.362105319293773,1.3914644118391,1.5232260419657
"logans",2017-01-13,"jacaranda_mimosifolia","jm_45","jm_45-jacaranda_mimosifolia",45,20.4,27.9,2.408,49.1232,1.69128665001169,1.65321251377534,0.381656482585787,1.3096301674259,1.4456042032736
"logans",2017-01-13,"jacaranda_mimosifolia","jm_45","jm_45-jacaranda_mimosifolia",45,22.895,28.69,2.165,49.567675,1.6951985485531,1.65321251377534,0.335457900689384,1.35974064786372,1.457730548246
"logans",2017-01-13,"jacaranda_mimosifolia","jm_45","jm_45-jacaranda_mimosifolia",45,19.48,28.77,2.119,41.27812,1.61571990925339,1.65321251377534,0.326130956710795,1.2895889525426,1.45893986189033
"logans",2017-01-13,"jacaranda_mimosifolia","jm_45","jm_45-jacaranda_mimosifolia",45,26.005,34.92,2.27,59.03135,1.77108271530397,1.65321251377534,0.356025857193123,1.41505685811085,1.54307423503353
"logans",2017-01-13,"jacaranda_mimosifolia","jm_45","jm_45-jacaranda_mimosifolia",45,22.51,32.255,2.587,58.23337,1.76517192371706,1.65321251377534,0.412796428716543,1.35237549500052,1.50859704623007
"logans",2017-01-13,"jacaranda_mimosifolia","jm_45","jm_45-jacaranda_mimosifolia",45,20.435,28.68,2.226,45.48831,1.6578998020463,1.65321251377534,0.347525159998689,1.31037464204761,1.45757914699576
"logans",2017-01-13,"jacaranda_mimosifolia","jm_45","jm_45-jacaranda_mimosifolia",45,20.585,28.295,2.052,42.24042,1.62572822777328,1.65321251377534,0.312177356439779,1.3135508713335,1.45170969827135
"logans",2017-01-13,"jacaranda_mimosifolia","jm_45","jm_45-jacaranda_mimosifolia",45,19.7,27.295,1.967,38.7499,1.58827058608093,1.65321251377534,0.293804359919337,1.29446622616159,1.43608309864198
"logans",2017-01-13,"jacaranda_mimosifolia","jm_45","jm_45-jacaranda_mimosifolia",45,21.33,32.69,2.067,44.08911,1.64433133207672,1.65321251377534,0.315340476627288,1.32899085544943,1.51441492058037
"logans",2017-01-13,"jacaranda_mimosifolia","jm_45","jm_45-jacaranda_mimosifolia",45,24.94,39.315,2.296,57.26224,1.75786833286846,1.65321251377534,0.360971883725936,1.39689644914252,1.59455828000228
"logans",2017-01-13,"jacaranda_mimosifolia","jm_100","jm_100-jacaranda_mimosifolia",100,38.96,40.405,3.153,122.84088,2.08934291895448,2,0.498723970747905,1.59061894820658,1.60643511110188
"logans",2017-01-13,"jacaranda_mimosifolia","jm_100","jm_100-jacaranda_mimosifolia",100,38.985,54,2.952,115.08372,2.0610138917077,2,0.470116353151004,1.59089753855669,1.73239375982297
"logans",2017-01-13,"jacaranda_mimosifolia","jm_100","jm_100-jacaranda_mimosifolia",100,44.21,62.545,3.423,151.33083,2.17992741404375,2,0.534406899137877,1.64552051490587,1.79619259685592
"logans",2017-01-13,"jacaranda_mimosifolia","jm_100","jm_100-jacaranda_mimosifolia",100,39.43,56.675,3.241,127.79263,2.10650580810543,2,0.51067903103221,1.59582677707322,1.75339152879855
"logans",2017-01-13,"jacaranda_mimosifolia","jm_100","jm_100-jacaranda_mimosifolia",100,40.92,55.85,3.666,150.01272,2.17612808566632,2,0.564192460626198,1.61193562504012,1.74702317745163
"logans",2017-01-13,"jacaranda_mimosifolia","jm_100","jm_100-jacaranda_mimosifolia",100,43.24,56.3,3.66,158.2584,2.19936677067568,2,0.563481085394411,1.63588568528127,1.75050839485135
"logans",2017-01-13,"jacaranda_mimosifolia","jm_100","jm_100-jacaranda_mimosifolia",100,38.98,52.055,3.14,122.3972,2.08777148285482,2,0.496929648073215,1.5908418347816,1.71646245081329
"logans",2017-01-13,"jacaranda_mimosifolia","jm_100","jm_100-jacaranda_mimosifolia",100,45.405,64.25,3.612,164.00286,2.21485142165372,2,0.557747741641468,1.65710368001225,1.80787313200333
"logans",2017-01-13,"jacaranda_mimosifolia","jm_100","jm_100-jacaranda_mimosifolia",100,41.28,54.565,3.394,140.10432,2.14645152660081,2,0.530711837981657,1.61573968861915,1.73691415953912
"logans",2017-01-13,"jacaranda_mimosifolia","jm_100","jm_100-jacaranda_mimosifolia",100,40.435,53.105,3.307,133.718545,2.12619164236034,2,0.519434194913703,1.60675744744664,1.72513541317527
"logans",2017-01-13,"jacaranda_mimosifolia","jm_100","jm_100-jacaranda_mimosifolia",100,41.105,54.15,3.74,153.7327,2.18676625474165,2,0.57287160220048,1.61389465254117,1.73359846096134
"logans",2017-01-13,"jacaranda_mimosifolia","jm_100","jm_100-jacaranda_mimosifolia",100,41.845,56.94,3.437,143.821265,2.1578231043318,2,0.536179532137225,1.62164357219457,1.75541746281094
"logans",2017-01-13,"jacaranda_mimosifolia","jm_100","jm_100-jacaranda_mimosifolia",100,41.645,54.585,3.257,135.637765,2.1323806249857,2,0.512817758564873,1.61956286642083,1.73707331464192
"logans",2017-01-13,"jacaranda_mimosifolia","jm_100","jm_100-jacaranda_mimosifolia",100,39.745,65.875,3.082,122.49409,2.08811513570215,2,0.4888326343824,1.59928250131975,1.8187206282206
"logans",2017-01-13,"jacaranda_mimosifolia","jm_100","jm_100-jacaranda_mimosifolia",100,38.59,56.735,3.142,121.24978,2.08368095927535,2,0.497206180703955,1.5864747785714,1.75385105919879
"logans",2017-01-13,"jacaranda_mimosifolia","jm_100","jm_100-jacaranda_mimosifolia",100,44.09,57.925,3.468,152.90412,2.1844191876305,2,0.540079088804173,1.64434009882632,1.76286604246201
"logans",2017-01-13,"jacaranda_mimosifolia","jm_100","jm_100-jacaranda_mimosifolia",100,38.395,52.86,3.46,132.8467,2.12335077071776,2,0.539076098792777,1.58427467192499,1.72312715879569
"logans",2017-01-13,"jacaranda_mimosifolia","jm_100","jm_100-jacaranda_mimosifolia",100,38.205,55.27,3.361,128.407005,2.10858871648877,2,0.526468512469477,1.5821202040193,1.74248946458178
"logans",2017-01-13,"jacaranda_mimosifolia","jm_100","jm_100-jacaranda_mimosifolia",100,48.23,66.155,3.86,186.1678,2.26990456659364,2,0.586587304671755,1.68331726192188,1.82056267377443
"logans",2017-01-13,"jacaranda_mimosifolia","jm_100","jm_100-jacaranda_mimosifolia",100,35.69,46.06,3.035,108.31915,2.03470524336694,2,0.482158695411276,1.55254654795566,1.66332393362821
"logans",2017-01-13,"magnolia_grandiflora_littlegem","mgl_45","mgl_45-magnolia_grandiflora_littlegem",45,23.815,25.51,1.251,29.792565,1.47410789554103,1.65321251377534,0.0972573096934199,1.37685058584761,1.40671045860979
"logans",2017-01-13,"magnolia_grandiflora_littlegem","mgl_45","mgl_45-magnolia_grandiflora_littlegem",45,18.75,27.645,1.183,22.18125,1.34598601669167,1.65321251377534,0.0729847446279304,1.27300127206374,1.44161659427475
"logans",2017-01-13,"magnolia_grandiflora_littlegem","mgl_45","mgl_45-magnolia_grandiflora_littlegem",45,13.73,21.525,1.102,15.13046,1.17985213175252,1.65321251377534,0.0421815945157663,1.13767053723676,1.33294316012569
"logans",2017-01-13,"magnolia_grandiflora_littlegem","mgl_45","mgl_45-magnolia_grandiflora_littlegem",45,20.335,25.01,1.326,26.96421,1.43078770080936,1.65321251377534,0.122543524068754,1.30824417674061,1.3981136917305
"logans",2017-01-13,"magnolia_grandiflora_littlegem","mgl_45","mgl_45-magnolia_grandiflora_littlegem",45,18.76,22.83,1.356,25.43856,1.40549252357409,1.65321251377534,0.132259689531044,1.27323283404305,1.35850591149024
"logans",2017-01-13,"magnolia_grandiflora_littlegem","mgl_45","mgl_45-magnolia_grandiflora_littlegem",45,22.865,25.865,1.346,30.77629,1.48821626560466,1.65321251377534,0.129045059887958,1.3591712057167,1.4127124827451
"logans",2017-01-13,"magnolia_grandiflora_littlegem","mgl_45","mgl_45-magnolia_grandiflora_littlegem",45,20.985,16.125,1.337,28.056945,1.44804038080949,1.65321251377534,0.126131407261984,1.32190897354751,1.20749972330731
"logans",2017-01-13,"magnolia_grandiflora_littlegem","mgl_45","mgl_45-magnolia_grandiflora_littlegem",45,19.545,28.43,1.449,28.320705,1.45210406023944,1.65321251377534,0.161068385471175,1.29103567476827,1.45377685969044
"logans",2017-01-13,"magnolia_grandiflora_littlegem","mgl_45","mgl_45-magnolia_grandiflora_littlegem",45,23.34,30.43,1.682,39.25788,1.59392684317124,1.65321251377534,0.225825991461893,1.36810085170935,1.48330195235817
"logans",2017-01-13,"magnolia_grandiflora_littlegem","mgl_45","mgl_45-magnolia_grandiflora_littlegem",45,23.365,26.625,1.645,38.435425,1.58473168764633,1.65321251377534,0.216165902285993,1.36856578536033,1.42528961644679
"logans",2017-01-13,"magnolia_grandiflora_littlegem","mgl_45","mgl_45-magnolia_grandiflora_littlegem",45,21.365,25.71,1.403,29.975095,1.47676056818158,1.65321251377534,0.14705767102836,1.32970289715322,1.41010207664286
"logans",2017-01-13,"magnolia_grandiflora_littlegem","mgl_45","mgl_45-magnolia_grandiflora_littlegem",45,19.29,24.295,1.286,24.80694,1.39457319623209,1.65321251377534,0.109240968588203,1.28533222764388,1.38551690339903
"logans",2017-01-13,"magnolia_grandiflora_littlegem","mgl_45","mgl_45-magnolia_grandiflora_littlegem",45,23.26,26.215,1.55,36.053,1.55694140856272,1.65321251377534,0.190331698170291,1.36660971039243,1.41854986204974
"logans",2017-01-13,"magnolia_grandiflora_littlegem","mgl_45","mgl_45-magnolia_grandiflora_littlegem",45,23.985,26.88,1.465,35.138025,1.54577734749204,1.65321251377534,0.165837624690128,1.37993972280192,1.42942926438179
"logans",2017-01-13,"magnolia_grandiflora_littlegem","mgl_45","mgl_45-magnolia_grandiflora_littlegem",45,24.605,27.115,1.497,36.833685,1.56624516971315,1.65321251377534,0.175221800343052,1.3910233693701,1.43320960877147
"logans",2017-01-13,"magnolia_grandiflora_littlegem","mgl_45","mgl_45-magnolia_grandiflora_littlegem",45,25.675,26.18,1.45,37.22875,1.57087845450429,1.65321251377534,0.161368002234975,1.40951045226932,1.41796964221474
"logans",2017-01-13,"magnolia_grandiflora_littlegem","mgl_45","mgl_45-magnolia_grandiflora_littlegem",45,22.29,25.215,1.281,28.55349,1.45565919822492,1.65321251377534,0.107549129744686,1.34811006848024,1.40165897249515
"logans",2017-01-13,"magnolia_grandiflora_littlegem","mgl_45","mgl_45-magnolia_grandiflora_littlegem",45,20.945,29.4,1.485,31.103325,1.49280681835047,1.65321251377534,0.171726453653231,1.32108036469724,1.46834733041216
"logans",2017-01-13,"magnolia_grandiflora_littlegem","mgl_45","mgl_45-magnolia_grandiflora_littlegem",45,20.645,29.83,1.444,29.81138,1.47438208044434,1.65321251377534,0.15956719323362,1.31481488721072,1.47465325336206
"logans",2017-01-13,"magnolia_grandiflora_littlegem","mgl_45","mgl_45-magnolia_grandiflora_littlegem",45,21.955,24.325,1.476,32.40558,1.51061979892743,1.65321251377534,0.169086357487023,1.34153344144041,1.38605284894039
"logans",2017-01-13,"magnolia_grandiflora_littlegem","mgl_45","mgl_45-magnolia_grandiflora_littlegem",45,25.99,28.725,1.67,43.4033,1.6375227506486,1.65321251377534,0.222716471147583,1.41480627950101,1.45826003736032
"logans",2017-01-13,"magnolia_grandiflora_littlegem","mgl_45","mgl_45-magnolia_grandiflora_littlegem",45,22.86,26.325,1.382,31.59252,1.49958426909744,1.65321251377534,0.14050804303818,1.35907622605926,1.42036837985752
"logans",2017-01-13,"magnolia_grandiflora_littlegem","mgl_45","mgl_45-magnolia_grandiflora_littlegem",45,19.405,25.85,1.573,30.524065,1.48464236969932,1.65321251377534,0.196728722623287,1.28791364707603,1.41246054742996
"logans",2017-01-13,"magnolia_grandiflora_littlegem","mgl_45","mgl_45-magnolia_grandiflora_littlegem",45,19.715,25.465,1.245,24.545175,1.389966132841,1.65321251377534,0.0951693514317552,1.29479678140924,1.4059436805122
"logans",2017-01-13,"magnolia_grandiflora_littlegem","mgl_45","mgl_45-magnolia_grandiflora_littlegem",45,17.765,23.605,1.405,24.959825,1.39724153606645,1.65321251377534,0.147676324241099,1.24956521182535,1.37300400476727
"logans",2017-01-13,"magnolia_grandiflora_littlegem","mgl_45","mgl_45-magnolia_grandiflora_littlegem",45,24.955,25.86,1.408,35.13664,1.54576022900823,1.65321251377534,0.148602654806093,1.39715757420214,1.41262852054438
"logans",2017-01-13,"magnolia_grandiflora_littlegem","mgl_45","mgl_45-magnolia_grandiflora_littlegem",45,18.75,27.355,1.468,27.525,1.43972732764379,1.65321251377534,0.166726055580052,1.27300127206374,1.43703671911349
"logans",2017-01-13,"magnolia_grandiflora_littlegem","mgl_45","mgl_45-magnolia_grandiflora_littlegem",45,22.275,25.315,1.55,34.52625,1.5381494108792,1.65321251377534,0.190331698170291,1.34781771270891,1.40337793172286
"logans",2017-01-13,"magnolia_grandiflora_littlegem","mgl_45","mgl_45-magnolia_grandiflora_littlegem",45,26.065,29.34,1.68,43.7892,1.6413670109889,1.65321251377534,0.225309281725863,1.41605772926304,1.46746010950726
"logans",2017-01-13,"magnolia_grandiflora_littlegem","mgl_45","mgl_45-magnolia_grandiflora_littlegem",45,21.02,26.3,1.585,33.3167,1.52266197824599,1.65321251377534,0.20002926655377,1.32263271169222,1.41995574848976
"logans",2017-01-13,"magnolia_grandiflora_littlegem","mgl_45","mgl_45-magnolia_grandiflora_littlegem",45,20.365,26.145,1.303,26.535595,1.4238288301346,1.65321251377534,0.114944415712585,1.30888441442202,1.41738864616567
"logans",2017-01-13,"magnolia_grandiflora_littlegem","mgl_45","mgl_45-magnolia_grandiflora_littlegem",45,22.38,27.175,1.57,35.1366,1.54575973460157,1.65321251377534,0.195899652409234,1.34986008219233,1.43416955275833
"logans",2017-01-13,"magnolia_grandiflora_littlegem","mgl_45","mgl_45-magnolia_grandiflora_littlegem",45,13.705,20.025,1.131,15.500355,1.19034164480097,1.65321251377534,0.0534626049254553,1.13687903987552,1.30157252475628
"logans",2017-01-13,"magnolia_grandiflora_littlegem","mgl_45","mgl_45-magnolia_grandiflora_littlegem",45,19.935,26.78,1.43,28.50705,1.45495227746348,1.65321251377534,0.155336037465062,1.29961623999841,1.42781057267599
"logans",2017-01-13,"magnolia_grandiflora_littlegem","mgl_45","mgl_45-magnolia_grandiflora_littlegem",45,19.45,23.695,1.505,29.27225,1.46645610559159,1.65321251377534,0.177536499929862,1.28891960566173,1.37465671303542
"logans",2017-01-13,"magnolia_grandiflora_littlegem","mgl_45","mgl_45-magnolia_grandiflora_littlegem",45,18.935,23.845,1.352,25.60012,1.40824200106246,1.65321251377534,0.130976691605617,1.27726530945685,1.37739732676989
"logans",2017-01-13,"magnolia_grandiflora_littlegem","mgl_45","mgl_45-magnolia_grandiflora_littlegem",45,19.06,24.135,1.314,25.04484,1.39871826152607,1.65321251377534,0.118595365223762,1.28012289630231,1.38264730315471
"logans",2017-01-13,"magnolia_grandiflora_littlegem","mgl_45","mgl_45-magnolia_grandiflora_littlegem",45,17.37,25.19,1.349,23.43213,1.369811768119,1.65321251377534,0.130011949671904,1.2397998184471,1.40122816749811
"logans",2017-01-13,"magnolia_grandiflora_littlegem","mgl_45","mgl_45-magnolia_grandiflora_littlegem",45,16.985,22.36,1.296,22.01256,1.34267055274062,1.65321251377534,0.112605001534575,1.23006555120605,1.34947179921439
"logans",2017-01-13,"magnolia_grandiflora_littlegem","mgl_45","mgl_45-magnolia_grandiflora_littlegem",45,22.86,28.53,1.312,29.99232,1.4770100610989,1.65321251377534,0.117933835039641,1.35907622605926,1.45530177165708
"logans",2017-01-13,"magnolia_grandiflora_littlegem","mgl_45","mgl_45-magnolia_grandiflora_littlegem",45,18.755,27.49,1.263,23.687565,1.37452041904207,1.65321251377534,0.101403350555331,1.27311706848674,1.43917473984347
"logans",2017-01-13,"magnolia_grandiflora_littlegem","mgl_45","mgl_45-magnolia_grandiflora_littlegem",45,23.745,28.315,1.542,36.61479,1.56365654763298,1.65321251377534,0.188084373714938,1.37557217391804,1.45201656596255
"logans",2017-01-13,"magnolia_grandiflora_littlegem","mgl_45","mgl_45-magnolia_grandiflora_littlegem",45,26.865,25.695,1.643,44.139195,1.64482440833977,1.65321251377534,0.215637563435062,1.42918684490471,1.40984862202119
"logans",2017-01-13,"magnolia_grandiflora_littlegem","mgl_45","mgl_45-magnolia_grandiflora_littlegem",45,22.185,25.69,1.296,28.75176,1.45866443458715,1.65321251377534,0.112605001534575,1.34605943305257,1.40976410426635
"logans",2017-01-13,"magnolia_grandiflora_littlegem","mgl_45","mgl_45-magnolia_grandiflora_littlegem",45,17.88,31.17,1.36,24.3168,1.38590642283012,1.65321251377534,0.133538908370218,1.2523675144599,1.49373680227684
"logans",2017-01-13,"magnolia_grandiflora_littlegem","mgl_100","mgl_100-magnolia_grandiflora_littlegem",100,36.2,54.38,2.097,75.9114,1.88030700099851,2,0.321598430465344,1.55870857053317,1.73543920325148
"logans",2017-01-13,"magnolia_grandiflora_littlegem","mgl_100","mgl_100-magnolia_grandiflora_littlegem",100,38.085,44.53,2.31,87.97635,1.94436593982155,2,0.363611979892144,1.5807539599294,1.64865269513122
"logans",2017-01-13,"magnolia_grandiflora_littlegem","mgl_100","mgl_100-magnolia_grandiflora_littlegem",100,42.6,42.745,2.278,97.0428,1.9869633188458,2,0.357553719743082,1.62940959910272,1.63088532141726
"logans",2017-01-13,"magnolia_grandiflora_littlegem","mgl_100","mgl_100-magnolia_grandiflora_littlegem",100,39.525,42.46,2.149,84.939225,1.92910829409569,2,0.332236415491443,1.59687187860425,1.62797998982998
"logans",2017-01-13,"magnolia_grandiflora_littlegem","mgl_100","mgl_100-magnolia_grandiflora_littlegem",100,41.76,51.685,2.339,97.67664,1.98979071180336,2,0.369030221809153,1.62076048999421,1.71336452060955
"logans",2017-01-13,"magnolia_grandiflora_littlegem","mgl_100","mgl_100-magnolia_grandiflora_littlegem",100,36.89,57.44,2.367,87.31863,1.94110691315589,2,0.374198257929083,1.5669086552268,1.75921443123424
"logans",2017-01-13,"magnolia_grandiflora_littlegem","mgl_100","mgl_100-magnolia_grandiflora_littlegem",100,39.865,52.445,2.142,85.39083,1.93141123492521,2,0.330819466495837,1.60059176842938,1.71970408974753
"logans",2017-01-13,"magnolia_grandiflora_littlegem","mgl_100","mgl_100-magnolia_grandiflora_littlegem",100,35.77,54.545,1.898,67.89146,1.83181514824024,2,0.278296208091274,1.55351894014897,1.73675494608966
"logans",2017-01-13,"magnolia_grandiflora_littlegem","mgl_100","mgl_100-magnolia_grandiflora_littlegem",100,34.16,54.7,1.719,58.72104,1.76879373870402,2,0.235275876687052,1.53351786201697,1.73798732633343
"logans",2017-01-13,"magnolia_grandiflora_littlegem","mgl_100","mgl_100-magnolia_grandiflora_littlegem",100,39.845,50.375,1.682,67.01929,1.82619982262316,2,0.225825991461893,1.60037383116127,1.70221505914917
"logans",2017-01-13,"magnolia_grandiflora_littlegem","mgl_100","mgl_100-magnolia_grandiflora_littlegem",100,40.68,56.105,2.092,85.10256,1.92994262444594,2,0.320561680195237,1.60938094425071,1.74900156670442
"logans",2017-01-13,"magnolia_grandiflora_littlegem","mgl_100","mgl_100-magnolia_grandiflora_littlegem",100,38.395,52.41,2.127,81.666165,1.91204216182772,2,0.327767489902729,1.58427467192499,1.71941415970259
"logans",2017-01-13,"magnolia_grandiflora_littlegem","mgl_100","mgl_100-magnolia_grandiflora_littlegem",100,41.67,55.625,1.95,81.2565,1.9098581118198,2,0.290034611362518,1.61982350045728,1.74527002398899
"logans",2017-01-13,"magnolia_grandiflora_littlegem","mgl_100","mgl_100-magnolia_grandiflora_littlegem",100,35.69,51.095,1.66,59.2454,1.77265463599572,2,0.220108088040055,1.55254654795566,1.70837840348789
"logans",2017-01-13,"magnolia_grandiflora_littlegem","mgl_100","mgl_100-magnolia_grandiflora_littlegem",100,49.1,58.96,2.116,103.8956,2.01659715548612,2,0.325515663363148,1.69108149212297,1.770557474851
"logans",2017-01-13,"magnolia_grandiflora_littlegem","mgl_100","mgl_100-magnolia_grandiflora_littlegem",100,36.35,50.935,1.954,71.0279,1.85142897457781,2,0.290924559382754,1.56050441519506,1.70701631049437
"logans",2017-01-13,"magnolia_grandiflora_littlegem","mgl_100","mgl_100-magnolia_grandiflora_littlegem",100,44.61,54.405,1.85,82.5285,1.91660395164463,2,0.267171728403014,1.64943222324162,1.73563881463612
"logans",2017-01-13,"magnolia_grandiflora_littlegem","mgl_100","mgl_100-magnolia_grandiflora_littlegem",100,38.27,58,1.857,71.06739,1.85167036596428,2,0.26881190373978,1.5828584622245,1.76342799356294
"logans",2017-01-13,"magnolia_grandiflora_littlegem","mgl_100","mgl_100-magnolia_grandiflora_littlegem",100,39.6,52.695,1.933,76.5468,1.88392703995407,2,0.286231854028553,1.59769518592551,1.72176940884771
"logans",2017-01-13,"magnolia_grandiflora_littlegem","mgl_100","mgl_100-magnolia_grandiflora_littlegem",100,34.88,53.72,1.953,68.12064,1.83327871954838,2,0.290702243287854,1.54257647626053,1.73013600399668
"logans",2017-01-13,"peltophorum_pterocarpum","pp_45","pp_45-peltophorum_pterocarpum",45,24.685,24.9,2.145,52.949325,1.72386042807629,1.65321251377534,0.331427296520743,1.39243313155555,1.39619934709574
"logans",2017-01-13,"peltophorum_pterocarpum","pp_45","pp_45-peltophorum_pterocarpum",45,19.74,24.275,1.199,23.66826,1.37416633143247,1.65321251377534,0.0788191830988487,1.29534714833362,1.38515923858004
"logans",2017-01-13,"peltophorum_pterocarpum","pp_45","pp_45-peltophorum_pterocarpum",45,21.22,25.915,1.568,33.27296,1.52209143791374,1.65321251377534,0.19534605834842,1.32674537956532,1.41355121317555
"logans",2017-01-13,"peltophorum_pterocarpum","pp_45","pp_45-peltophorum_pterocarpum",45,19.645,26.05,1.629,32.001705,1.50517311745633,1.65321251377534,0.211921084308509,1.29325203314782,1.41580772763554
"logans",2017-01-13,"peltophorum_pterocarpum","pp_45","pp_45-peltophorum_pterocarpum",45,24.57,24.91,1.63,40.0491,1.60259276088404,1.65321251377534,0.212187604403958,1.39040515648008,1.39637372753651
"logans",2017-01-13,"peltophorum_pterocarpum","pp_45","pp_45-peltophorum_pterocarpum",45,22.08,26.75,1.902,41.99616,1.62320958165856,1.65321251377534,0.279210512601395,1.34399906905716,1.42732378635725
"logans",2017-01-13,"peltophorum_pterocarpum","pp_45","pp_45-peltophorum_pterocarpum",45,26.845,33.89,1.417,38.039365,1.58023325854672,1.65321251377534,0.15136985024746,1.42886340829926,1.53007156883738
"logans",2017-01-13,"peltophorum_pterocarpum","pp_45","pp_45-peltophorum_pterocarpum",45,24.91,30.71,1.543,38.43613,1.58473965359965,1.65321251377534,0.188365926063148,1.39637372753651,1.48727981644307
"logans",2017-01-13,"peltophorum_pterocarpum","pp_45","pp_45-peltophorum_pterocarpum",45,20.435,26.6,1.734,35.43429,1.5494237351878,1.65321251377534,0.239049093140191,1.31037464204761,1.42488163663107
"logans",2017-01-13,"peltophorum_pterocarpum","pp_45","pp_45-peltophorum_pterocarpum",45,23.22,25.69,1.891,43.90902,1.64255374424759,1.65321251377534,0.27669152884504,1.36586221540256,1.40976410426635
"logans",2017-01-13,"peltophorum_pterocarpum","pp_45","pp_45-peltophorum_pterocarpum",45,26.635,32.745,2.414,64.29689,1.80818996688218,1.65321251377534,0.38273726576133,1.42545270112085,1.51514499476482
"logans",2017-01-13,"peltophorum_pterocarpum","pp_45","pp_45-peltophorum_pterocarpum",45,22.71,29.07,1.98,44.9658,1.65288232448127,1.65321251377534,0.296665190261531,1.35621713421974,1.46344503177043
"logans",2017-01-13,"peltophorum_pterocarpum","pp_45","pp_45-peltophorum_pterocarpum",45,26.675,36.54,2.183,58.231525,1.76515816380565,1.65321251377534,0.339053735709139,1.42610442809651,1.56276854301652
"logans",2017-01-13,"peltophorum_pterocarpum","pp_45","pp_45-peltophorum_pterocarpum",45,25.69,30.335,1.54,39.5626,1.59728482510281,1.65321251377534,0.187520720836463,1.40976410426635,1.48194399928007
"logans",2017-01-13,"peltophorum_pterocarpum","pp_45","pp_45-peltophorum_pterocarpum",45,23.37,30.965,2.065,48.25905,1.68357876838465,1.65321251377534,0.31492005599242,1.36865871239223,1.49087108434559
"logans",2017-01-13,"peltophorum_pterocarpum","pp_45","pp_45-peltophorum_pterocarpum",45,25.14,32.4,1.269,31.90266,1.50382689544464,1.65321251377534,0.103461622094705,1.40036527334994,1.51054501020661
"logans",2017-01-13,"peltophorum_pterocarpum","pp_45","pp_45-peltophorum_pterocarpum",45,19.525,21.235,1.916,37.4099,1.57298654729186,1.65321251377534,0.282395504742526,1.29059104254934,1.3270522653267
"logans",2017-01-13,"peltophorum_pterocarpum","pp_45","pp_45-peltophorum_pterocarpum",45,22.205,26.125,2.323,51.582215,1.71249998730993,1.65321251377534,0.366049209800235,1.34645077750969,1.41705629911911
"logans",2017-01-13,"peltophorum_pterocarpum","pp_45","pp_45-peltophorum_pterocarpum",45,19.52,22.785,1.84,35.9168,1.55529763634021,1.65321251377534,0.264817823009536,1.29047981333067,1.35764903291847
"logans",2017-01-13,"peltophorum_pterocarpum","pp_45","pp_45-peltophorum_pterocarpum",45,26.515,31.66,2.19,58.06785,1.7639357462947,1.65321251377534,0.340444114840118,1.42349163145458,1.50051091052634
"logans",2017-01-13,"peltophorum_pterocarpum","pp_45","pp_45-peltophorum_pterocarpum",45,25.605,29.465,1.417,36.282285,1.55969463041788,1.65321251377534,0.15136985024746,1.40832478017041,1.46930644543117
"logans",2017-01-13,"peltophorum_pterocarpum","pp_45","pp_45-peltophorum_pterocarpum",45,20.185,24.37,1.573,31.751005,1.50175747636962,1.65321251377534,0.196728722623287,1.30502875374633,1.38685552918472
"logans",2017-01-13,"peltophorum_pterocarpum","pp_45","pp_45-peltophorum_pterocarpum",45,27.29,31.245,1.716,46.82964,1.67052081918258,1.65321251377534,0.234517283512687,1.4360035356699,1.49478052900343
"logans",2017-01-13,"peltophorum_pterocarpum","pp_45","pp_45-peltophorum_pterocarpum",45,27.205,32.555,2.11,57.40255,1.75893118553962,1.65321251377534,0.324282455297693,1.43464873024192,1.51261769968292
"logans",2017-01-13,"peltophorum_pterocarpum","pp_45","pp_45-peltophorum_pterocarpum",45,19.86,23.445,1.793,35.60898,1.55155953372155,1.65321251377534,0.253580289562183,1.29797924415936,1.37005023707487
"logans",2017-01-13,"peltophorum_pterocarpum","pp_45","pp_45-peltophorum_pterocarpum",45,25.795,33.23,1.91,49.26845,1.69256889945705,1.65321251377534,0.281033367247728,1.41153553220933,1.52153034127871
"logans",2017-01-13,"peltophorum_pterocarpum","pp_45","pp_45-peltophorum_pterocarpum",45,18.845,23.24,1.706,32.14957,1.50717516861713,1.65321251377534,0.231979026831504,1.27519614178562,1.36623612371829
"logans",2017-01-13,"peltophorum_pterocarpum","pp_45","pp_45-peltophorum_pterocarpum",45,20.37,27.855,1.804,36.74748,1.56522756220609,1.65321251377534,0.256236533205923,1.30899102900016,1.44490316279546
"logans",2017-01-13,"peltophorum_pterocarpum","pp_45","pp_45-peltophorum_pterocarpum",45,19.43,23.56,1.505,29.24215,1.46600930052964,1.65321251377534,0.177536499929862,1.28847280059978,1.37217528611506
"logans",2017-01-13,"peltophorum_pterocarpum","pp_45","pp_45-peltophorum_pterocarpum",45,22.08,27.21,1.64,36.2112,1.55884291710486,1.65321251377534,0.214843848047698,1.34399906905716,1.43472854177976
"logans",2017-01-13,"peltophorum_pterocarpum","pp_45","pp_45-peltophorum_pterocarpum",45,19.485,22.54,1.494,29.11059,1.46405100760809,1.65321251377534,0.17435059747938,1.28970041012871,1.35295391171009
"logans",2017-01-13,"peltophorum_pterocarpum","pp_45","pp_45-peltophorum_pterocarpum",45,20.88,26.9,1.504,31.40352,1.49697833058585,1.65321251377534,0.177247836255623,1.31973049433022,1.42975228000241
"logans",2017-01-13,"peltophorum_pterocarpum","pp_45","pp_45-peltophorum_pterocarpum",45,25.16,31.2,2.36,59.3776,1.77362263974334,1.65321251377534,0.372912002970107,1.40071063677323,1.49415459401844
"logans",2017-01-13,"peltophorum_pterocarpum","pp_45","pp_45-peltophorum_pterocarpum",45,23.805,27.05,2.225,52.966125,1.72399820112748,1.65321251377534,0.34733001531695,1.37666818581053,1.43216726944259
"logans",2017-01-13,"peltophorum_pterocarpum","pp_45","pp_45-peltophorum_pterocarpum",45,25.47,28.465,1.525,38.84175,1.58929878864642,1.65321251377534,0.183269843682805,1.40602894496362,1.45431118814757
"logans",2017-01-13,"peltophorum_pterocarpum","pp_45","pp_45-peltophorum_pterocarpum",45,20.035,22.5,1.529,30.633515,1.48619683218104,1.65321251377534,0.18440748541232,1.30178934676872,1.35218251811136
"logans",2017-01-13,"peltophorum_pterocarpum","pp_45","pp_45-peltophorum_pterocarpum",45,22.68,28.585,1.99,45.1332,1.65449612663058,1.65321251377534,0.298853076409707,1.35564305022087,1.45613819655029
"logans",2017-01-13,"peltophorum_pterocarpum","pp_45","pp_45-peltophorum_pterocarpum",45,25.19,27.325,1.866,47.00454,1.67213980690859,1.65321251377534,0.270911639410481,1.40122816749811,1.43656017062174
"logans",2017-01-13,"peltophorum_pterocarpum","pp_45","pp_45-peltophorum_pterocarpum",45,23.765,29.84,1.386,32.93829,1.51770104890657,1.65321251377534,0.141763230275788,1.37593781863078,1.47479881880063
"logans",2017-01-13,"peltophorum_pterocarpum","pp_45","pp_45-peltophorum_pterocarpum",45,25.455,28.81,2.409,61.321095,1.7876099013717,1.65321251377534,0.381836799998343,1.40577310137336,1.45954325828041
"logans",2017-01-13,"peltophorum_pterocarpum","pp_45","pp_45-peltophorum_pterocarpum",45,21.665,26.915,2.14,46.3631,1.66617246671958,1.65321251377534,0.330413773349191,1.33575869337039,1.42999438415171
"logans",2017-01-13,"peltophorum_pterocarpum","pp_45","pp_45-peltophorum_pterocarpum",45,25.195,30.545,2.043,51.473385,1.71158272932424,1.65321251377534,0.310268366632448,1.40131436269179,1.48494012946803
"logans",2017-01-13,"peltophorum_pterocarpum","pp_45","pp_45-peltophorum_pterocarpum",45,21.71,28.71,2.155,46.78505,1.67010709795117,1.65321251377534,0.33344727449675,1.33665982345442,1.45803319249651
"logans",2017-01-13,"peltophorum_pterocarpum","pp_45","pp_45-peltophorum_pterocarpum",45,22.23,25.88,2.216,49.26168,1.69250921875538,1.65321251377534,0.345569756056392,1.34693946269899,1.41296427199666
"logans",2017-01-13,"peltophorum_pterocarpum","pp_45","pp_45-peltophorum_pterocarpum",45,25.78,29.515,1.417,36.53026,1.56265276326484,1.65321251377534,0.15136985024746,1.41128291301738,1.47004278755721
"logans",2017-01-13,"peltophorum_pterocarpum","pp_100","pp_100-peltophorum_pterocarpum",100,34.415,45.275,2.382,81.97653,1.91368953103651,2,0.376941757146759,1.53674777388975,1.6558584589861
"logans",2017-01-13,"peltophorum_pterocarpum","pp_100","pp_100-peltophorum_pterocarpum",100,38.415,47.805,2.381,91.466115,1.96126023292899,2,0.37675939540488,1.58450083752411,1.67947332252941
"logans",2017-01-13,"peltophorum_pterocarpum","pp_100","pp_100-peltophorum_pterocarpum",100,40.81,49.785,2.338,95.41378,1.97961110159909,2,0.368844506825821,1.61076659477327,1.69709851146429
"logans",2017-01-13,"peltophorum_pterocarpum","pp_100","pp_100-peltophorum_pterocarpum",100,33.315,37.885,2.254,75.09201,1.87559372931424,2,0.352953911710088,1.52263981760416,1.57846729158545
"logans",2017-01-13,"peltophorum_pterocarpum","pp_100","pp_100-peltophorum_pterocarpum",100,39.245,50.45,2.722,106.82489,2.02867245428664,2,0.434888120867316,1.59378433341932,1.70286117057293
"logans",2017-01-13,"peltophorum_pterocarpum","pp_100","pp_100-peltophorum_pterocarpum",100,32.475,42.545,2.545,82.648875,1.91723694641784,2,0.405687786672778,1.51154915974507,1.6288485279928
"logans",2017-01-13,"peltophorum_pterocarpum","pp_100","pp_100-peltophorum_pterocarpum",100,34.335,44.98,2.076,71.27946,1.85296440090664,2,0.31722734917642,1.53573705173022,1.65301945109961
"logans",2017-01-13,"peltophorum_pterocarpum","pp_100","pp_100-peltophorum_pterocarpum",100,35.045,45.79,2.237,78.395665,1.89429204841619,2,0.34966598409663,1.54462606431956,1.6607706435277
"logans",2017-01-13,"peltophorum_pterocarpum","pp_100","pp_100-peltophorum_pterocarpum",100,35.24,42.455,2.543,89.61532,1.95238225991572,2,0.405346360175709,1.54703589974001,1.62792884521685
"logans",2017-01-13,"peltophorum_pterocarpum","pp_100","pp_100-peltophorum_pterocarpum",100,40.635,41.64,2.136,86.79636,1.93850151244537,2,0.329601248356519,1.60890026408885,1.6195107208385
"logans",2017-01-13,"peltophorum_pterocarpum","pp_100","pp_100-peltophorum_pterocarpum",100,38.125,44.455,2.365,90.165625,1.95504099742867,2,0.37383114507383,1.58120985235484,1.64792061458157
"logans",2017-01-13,"waterhousea_floribunda","wf_200","wf_200-waterhousea_floribunda",200,40.145,47.225,3.318,133.20111,2.12450784393989,2.30102999566398,0.520876381688342,1.60363146225154,1.67417196659387
"logans",2017-01-13,"waterhousea_floribunda","wf_200","wf_200-waterhousea_floribunda",200,36.645,45.88,3.252,119.16954,2.07616526295115,2.30102999566398,0.51215053692203,1.56401472602912,1.66162340922923
"logans",2017-01-13,"waterhousea_floribunda","wf_200","wf_200-waterhousea_floribunda",200,38.71,42.165,3.053,118.18163,2.07254997561762,2.30102999566398,0.484726804298662,1.58782317131896,1.62495210466312
"logans",2017-01-13,"waterhousea_floribunda","wf_200","wf_200-waterhousea_floribunda",200,29.965,39.36,2.83,84.80095,1.92840071755679,2.30102999566398,0.45178643552429,1.4766142820325,1.5950550897593
"logans",2017-01-13,"waterhousea_floribunda","wf_200","wf_200-waterhousea_floribunda",200,32.54,40.17,3.119,101.49226,2.00643292335798,2.30102999566398,0.494015374757144,1.51241754860084,1.60390183173167
"logans",2017-01-13,"waterhousea_floribunda","wf_200","wf_200-waterhousea_floribunda",200,43.075,52.255,3.822,164.63265,2.21651596883906,2.30102999566398,0.582290682718994,1.63422528612007,1.7181278520753
"logans",2017-01-13,"waterhousea_floribunda","wf_200","wf_200-waterhousea_floribunda",200,38.97,41.37,2.855,111.25935,2.04633651837456,2.30102999566398,0.455606112581867,1.59073040579269,1.61668552089551
"logans",2017-01-13,"waterhousea_floribunda","wf_200","wf_200-waterhousea_floribunda",200,42.465,49.075,2.852,121.11018,2.08318064960061,2.30102999566398,0.455149521179828,1.62803112842078,1.69086030827204
"logans",2017-01-13,"waterhousea_floribunda","wf_200","wf_200-waterhousea_floribunda",200,33.545,39.575,3.04,101.9768,2.00850137982064,2.30102999566398,0.482873583608754,1.52562779621189,1.59742092353439
"logans",2017-01-13,"waterhousea_floribunda","wf_200","wf_200-waterhousea_floribunda",200,33.29,39.59,3.056,101.73424,2.00746714506032,2.30102999566398,0.485153349903652,1.52231379515667,1.5975855017522
"logans",2017-01-13,"waterhousea_floribunda","wf_200","wf_200-waterhousea_floribunda",200,37.575,41.975,2.421,90.969075,1.95889377870068,2.30102999566398,0.383994789441733,1.57489898925895,1.62299070481009
"logans",2017-01-13,"waterhousea_floribunda","wf_200","wf_200-waterhousea_floribunda",200,35.45,41.515,3.174,112.5183,2.05122316193791,2.30102999566398,0.501606922418829,1.54961623951909,1.61820504225927
"logans",2017-01-13,"waterhousea_floribunda","wf_200","wf_200-waterhousea_floribunda",200,36.44,42.745,2.474,90.15256,1.95497806359406,2.30102999566398,0.393399695293102,1.56157836830096,1.63088532141726
"logans",2017-01-13,"waterhousea_floribunda","wf_200","wf_200-waterhousea_floribunda",200,42.815,51.795,2.478,106.09557,2.02569725039785,2.30102999566398,0.394101302040045,1.6315959483578,1.71428783740514
"logans",2017-01-13,"waterhousea_floribunda","wf_200","wf_200-waterhousea_floribunda",200,37.895,45.87,2.733,103.567035,2.01522154309453,2.30102999566398,0.436639631692661,1.57858191140187,1.66152874013198
"logans",2017-01-13,"waterhousea_floribunda","wf_200","wf_200-waterhousea_floribunda",200,40.345,48.67,2.399,96.787655,1.98581996777039,2.30102999566398,0.380030247967831,1.60578971980256,1.68726134624351
"logans",2017-01-13,"waterhousea_floribunda","wf_200","wf_200-waterhousea_floribunda",200,36.98,43.855,3.753,138.78594,2.14234547123624,2.30102999566398,0.574378564413082,1.56796690682315,1.64201911534443
"logans",2017-01-13,"waterhousea_floribunda","wf_200","wf_200-waterhousea_floribunda",200,35.93,41.455,2.41,86.5913,1.93747425977952,2.30102999566398,0.382017042574868,1.55545721720465,1.617576919481
"logans",2017-01-13,"waterhousea_floribunda","wf_200","wf_200-waterhousea_floribunda",200,34.995,44.775,2.878,100.71561,2.00309678745002,2.30102999566398,0.459090789600586,1.54400599784943,1.65103559452107
"logans",2017-01-13,"waterhousea_floribunda","wf_200","wf_200-waterhousea_floribunda",200,36.785,45.175,2.738,100.71733,2.00310420417649,2.30102999566398,0.437433443797971,1.56567076037852,1.65489816123297
"logans",2017-01-13,"waterhousea_floribunda","wf_400","wf_400-waterhousea_floribunda",400,67.1,84.98,3.198,214.5858,2.33160097957921,2.60205999132796,0.504878459410216,1.82672252016899,1.9293167267535
"logans",2017-01-13,"waterhousea_floribunda","wf_400","wf_400-waterhousea_floribunda",400,66.625,87.22,3.675,244.846875,2.38889456545484,2.60205999132796,0.565257343420214,1.82363722203463,1.94061608233741
"logans",2017-01-13,"waterhousea_floribunda","wf_400","wf_400-waterhousea_floribunda",400,65.13,88.17,3.226,210.10938,2.32244544122703,2.60205999132796,0.508664363052943,1.81378107817408,1.94532084079228
"logans",2017-01-13,"waterhousea_floribunda","wf_400","wf_400-waterhousea_floribunda",400,69.495,82.295,2.678,186.10761,2.26976413193483,2.60205999132796,0.42781057267599,1.84195355925884,1.91537344956981
"logans",2017-01-13,"waterhousea_floribunda","wf_400","wf_400-waterhousea_floribunda",400,71.71,90.66,2.91,208.6761,2.31947271148763,2.60205999132796,0.463892988985907,1.85557972250172,1.95741571472267
"logans",2017-01-13,"waterhousea_floribunda","wf_400","wf_400-waterhousea_floribunda",400,55.36,69.91,3.766,208.48576,2.31907639712935,2.60205999132796,0.575880315680646,1.7431960814487,1.84453930212901
"logans",2017-01-13,"waterhousea_floribunda","wf_400","wf_400-waterhousea_floribunda",400,80.21,101.31,4.257,341.45397,2.53333216651721,2.60205999132796,0.629103650177136,1.90422851634008,2.00565231535507
"logans",2017-01-13,"waterhousea_floribunda","wf_400","wf_400-waterhousea_floribunda",400,74.565,100.21,3.962,295.42653,2.47044949339721,2.60205999132796,0.597914471202528,1.87253502219468,2.00091106213122
"logans",2017-01-13,"waterhousea_floribunda","wf_400","wf_400-waterhousea_floribunda",400,70.54,95.4,4.953,349.38462,2.54330378331393,2.60205999132796,0.694868327982456,1.84843545533147,1.9795483747041
"logans",2017-01-13,"waterhousea_floribunda","wf_400","wf_400-waterhousea_floribunda",400,83.515,104.44,4.273,356.859595,2.55249737826692,2.60205999132796,0.630732892817196,1.92176448544973,2.01886686315091
"logans",2017-01-13,"waterhousea_floribunda","wf_400","wf_400-waterhousea_floribunda",400,66.32,88.995,4.115,272.9068,2.43601435709051,2.60205999132796,0.614369839548289,1.82164451754222,1.94936560739314
"logans",2017-01-13,"brachychiton_rupestris","br_400","br_400-brachychiton_rupestris",400,204.03663704381,218.678891808264,3.745,764.117205729068,2.88315997886017,2.60205999132796,0.573451822035485,2.30970815682468,2.33980686436542
"logans",2017-01-13,"brachychiton_rupestris","br_400","br_400-brachychiton_rupestris",400,169.65916933596,224.408469759572,3.002,509.316826346553,2.70698802423969,2.60205999132796,0.477410687907252,2.22957733633244,2.35103924429726
"logans",2017-01-13,"brachychiton_rupestris","br_400","br_400-brachychiton_rupestris",400,155.653534343874,200.535228295788,2.945,458.399658642708,2.66124428555261,2.60205999132796,0.46908529912312,2.19215898642949,2.30219067675945
"logans",2017-01-13,"brachychiton_rupestris","br_400","br_400-brachychiton_rupestris",400,150.878886051117,197.35212943395,2.937,443.13128833213,2.64653241550275,2.60205999132796,0.4679039465228,2.17862846897995,2.29524181680412
"logans",2017-01-13,"brachychiton_rupestris","br_400","br_400-brachychiton_rupestris",400,169.977479222144,220.588751125367,3.558,604.779871072389,2.78159732808233,2.60205999132796,0.551205943747906,2.23039138433442,2.34358336191767
"logans",2017-01-13,"brachychiton_rupestris","br_400","br_400-brachychiton_rupestris",400,183.346494441863,234.912696003638,3.007,551.322908786683,2.7414060388296,2.60205999132796,0.478133428100518,2.26327261072908,2.37090648912891
"logans",2017-01-13,"brachychiton_rupestris","br_400","br_400-brachychiton_rupestris",400,139.101420262317,215.81410283261,3.038,422.590114756918,2.62591933380306,2.60205999132796,0.482587769526768,2.14333156427629,2.33407982117293
"logans",2017-01-13,"brachychiton_rupestris","br_400","br_400-brachychiton_rupestris",400,123.822545725495,150.560576164933,3.212,397.718016870289,2.59957526523822,2.60205999132796,0.506775536606643,2.09279972863157,2.17771126804368
"logans",2017-01-13,"brachychiton_rupestris","br_400","br_400-brachychiton_rupestris",400,198.943678864869,230.138047710881,3.042,605.186671106932,2.78188935436692,2.60205999132796,0.48315920971698,2.29873014464994,2.3619884246004
"logans",2017-01-13,"brachychiton_rupestris","br_400","br_400-brachychiton_rupestris",400,176.980296718188,145.149308099809,2.815,498.199535261698,2.69740331807529,2.60205999132796,0.449478399187365,2.24792491888792,2.1618149699703
"logans",2017-01-13,"brachychiton_rupestris","br_400","br_400-brachychiton_rupestris",400,162.019732067549,187.802832848437,3.219,521.541517525442,2.71728888632824,2.60205999132796,0.507720976685614,2.20956790964263,2.27370213894801
"logans",2017-01-13,"brachychiton_rupestris","br_400","br_400-brachychiton_rupestris",400,157.563393660976,193.850720685929,3.517,554.150455505654,2.74362769455638,2.60205999132796,0.546172368316943,2.19745532623943,2.28746741993874
"logans",2017-01-13,"brachychiton_rupestris","br_400","br_400-brachychiton_rupestris",400,223.135230214837,257.83100780887,3.486,777.849412528923,2.8908955280465,2.60205999132796,0.542327382773974,2.34856814527252,2.41133514618452
"logans",2017-01-13,"brachychiton_rupestris","br_400","br_400-brachychiton_rupestris",400,169.340859449777,206.901426019464,3.54,599.466642452209,2.7777650216267,2.60205999132796,0.549003262025788,2.22876175960091,2.31576348394872
"logans",2017-01-13,"brachychiton_rupestris","br_400","br_400-brachychiton_rupestris",400,176.980296718188,194.80565034448,3.34,591.114191038747,2.77167138569949,2.60205999132796,0.523746466811564,2.24792491888792,2.28960154945143
"logans",2017-01-13,"brachychiton_rupestris","br_400","br_400-brachychiton_rupestris",400,165.202830929387,216.450722604978,3.357,554.585903429953,2.74396882640234,2.60205999132796,0.525951341248012,2.21801748515432,2.3353590400121
"logans",2017-01-13,"brachychiton_rupestris","br_400","br_400-brachychiton_rupestris",400,206.264806247096,254.647908947033,3.465,714.707553646189,2.85412837212428,2.60205999132796,0.539703238947826,2.31442513317646,2.40594011429781
"logans",2017-01-13,"brachychiton_rupestris","br_400","br_400-brachychiton_rupestris",400,163.929591384652,177.616916490555,2.962,485.55944968134,2.68624241053225,2.60205999132796,0.47158505418519,2.21465735634706,2.24948432624344
"logans",2017-01-13,"brachychiton_rupestris","br_400","br_400-brachychiton_rupestris",400,233.957766345086,214.540863287875,2.284,534.359538332177,2.72783356596387,2.60205999132796,0.35869609957381,2.36913746639006,2.33151002384119
"logans",2017-01-13,"brachychiton_rupestris","br_400","br_400-brachychiton_rupestris",400,192.895791027377,235.867625662189,3.309,638.292172509591,2.80501951863201,2.60205999132796,0.519696767159853,2.28532275147215,2.37266833528519
"logans",2017-01-13,"brachychiton_rupestris","br_1000","br_1000-brachychiton_rupestris",1000,274.383121890428,352.68735389164,2.818,773.211637487225,2.88829838190392,3,0.449940988773338,2.43835739313058,2.54738988769828
"logans",2017-01-13,"brachychiton_rupestris","br_1000","br_1000-brachychiton_rupestris",1000,248.281711223357,294.436644720006,2.927,726.720568750765,2.86136745243014,3,0.466422722433792,2.39494472999635,2.4689918600449
"logans",2017-01-13,"brachychiton_rupestris","br_1000","br_1000-brachychiton_rupestris",1000,243.5070629306,267.380304394384,3.407,829.628563404554,2.91888369602736,3,0.532372133567877,2.38651156245948,2.42712941336775
"logans",2017-01-13,"brachychiton_rupestris","br_1000","br_1000-brachychiton_rupestris",1000,298.574673240396,364.783129566624,2.997,894.828295701466,2.95173970863058,3,0.476686742945645,2.47505296568493,2.56203474493724
"logans",2017-01-13,"brachychiton_rupestris","br_1000","br_1000-brachychiton_rupestris",1000,203.081707385258,231.411287255616,3.293,668.748062419656,2.82526253673894,3,0.517591730711908,2.30767080602703,2.3643845381649
"logans",2017-01-13,"brachychiton_rupestris","br_1000","br_1000-brachychiton_rupestris",1000,245.098612361519,260.695796784525,3.21,786.766545680475,2.89584588488322,3,0.506505032404872,2.38934085247835,2.41613402906628
"logans",2017-01-13,"brachychiton_rupestris","br_1000","br_1000-brachychiton_rupestris",1000,213.585933629324,256.239458377952,3.076,656.990331843799,2.81755897860425,3,0.487986331129393,2.32957264747486,2.40864600767373
"logans",2017-01-13,"brachychiton_rupestris","br_1000","br_1000-brachychiton_rupestris",1000,240.96058384113,263.560585760179,3.399,819.025024475999,2.913297171389,3,0.53135116458306,2.38194600680594,2.42088046409075
"logans",2017-01-13,"brachychiton_rupestris","br_1000","br_1000-brachychiton_rupestris",1000,305.577490736439,324.357774021283,3.059,934.761544162767,2.97070083733011,3,0.485579476984679,2.48512136034543,2.51102431131229
"logans",2017-01-13,"brachychiton_rupestris","br_1000","br_1000-brachychiton_rupestris",1000,303.031011646969,379.743694217262,3.069,930.002174744547,2.96848396412216,3,0.486996888431823,2.48148707569034,2.57949057097621
"logans",2017-01-13,"brachychiton_rupestris","br_1000","br_1000-brachychiton_rupestris",1000,215.81410283261,250.509880426643,3.64,785.563334310701,2.89518120482199,3,0.561101383649056,2.33407982117293,2.39882485966493
"logans",2017-01-13,"brachychiton_rupestris","br_1000","br_1000-brachychiton_rupestris",1000,223.771849987205,283.932418475941,2.971,664.826166311986,2.82270810412935,3,0.472902651803664,2.34980545232569,2.45321498168199
"logans",2017-01-13,"brachychiton_rupestris","br_1000","br_1000-brachychiton_rupestris",1000,340.591578216656,380.698623875814,3.42,1164.82319750096,3.06626001104721,3,0.534026106056135,2.53223390499108,2.58058130695826
"logans",2017-01-13,"brachychiton_rupestris","br_1000","br_1000-brachychiton_rupestris",1000,275.974671321347,305.577490736439,3.403,939.141806506542,2.97273117387789,3,0.531861949095809,2.44086922478208,2.48512136034543
"logans",2017-01-13,"brachychiton_rupestris","br_1000","br_1000-brachychiton_rupestris",1000,260.377486898341,281.067629500287,3.523,917.309886342855,2.96251607415843,3,0.546912643181243,2.41560343097719,2.44881083088343
"logans",2017-01-13,"brachychiton_rupestris","br_1000","br_1000-brachychiton_rupestris",1000,249.236640881908,272.154952687141,3.51,874.820609495497,2.94191900582963,3,0.545307116465824,2.39661188936381,2.43481624203404
"logans",2017-01-13,"brachychiton_rupestris","br_1000","br_1000-brachychiton_rupestris",1000,338.363409013369,383.881722737652,2.654,898.016487521483,2.95328431035758,3,0.423900918528417,2.52938339182916,2.58419743511
"logans",2017-01-13,"brachychiton_rupestris","br_1000","br_1000-brachychiton_rupestris",1000,233.639456458902,254.647908947033,3.275,765.169219902905,2.88375749154974,3,0.515211304327802,2.36854618722194,2.40594011429781
"logans",2017-01-13,"brachychiton_rupestris","br_1000","br_1000-brachychiton_rupestris",1000,261.014106670708,283.932418475941,3.497,912.766331027467,2.96035961199883,3,0.543695632309245,2.41666397968958,2.45321498168199
"logans",2017-01-13,"brachychiton_rupestris","br_1000","br_1000-brachychiton_rupestris",1000,267.0619945082,303.667631419336,3.224,861.007870294438,2.93500712126762,3,0.508395033133053,2.42661208813457,2.48239850200996
"logans",2017-01-13,"brachychiton_rupestris","br_2000","br_2000-brachychiton_rupestris",2000,459.957785535578,448.816939519145,3.601,1656.30798571361,3.21914109576972,3.30102999566398,0.556423121371285,2.66271797439843,2.65206923996125
"logans",2017-01-13,"brachychiton_rupestris","br_2000","br_2000-brachychiton_rupestris",2000,420.487359648787,421.760599193523,4.102,1724.83914927933,3.23674860095274,3.30102999566398,0.612995656032348,2.62375294492039,2.62506600557869
"logans",2017-01-13,"brachychiton_rupestris","br_2000","br_2000-brachychiton_rupestris",2000,387.701441371857,384.518342510019,3.402,1318.96030354706,3.12023172487927,3.30102999566398,0.53173430927655,2.58849741560272,2.58491706159098
"logans",2017-01-13,"brachychiton_rupestris","br_2000","br_2000-brachychiton_rupestris",2000,459.957785535578,455.183137242821,4.201,1932.28265703496,3.28607065593642,3.30102999566398,0.623352681537992,2.66271797439843,2.65818616477093
"logans",2017-01-13,"brachychiton_rupestris","br_2000","br_2000-brachychiton_rupestris",2000,352.050734119272,404.253555453414,3.564,1254.70881640109,3.09854294963938,3.30102999566398,0.551937695364837,2.54660525427455,2.60665384826182
"logans",2017-01-13,"brachychiton_rupestris","br_2000","br_2000-brachychiton_rupestris",2000,394.7042588679,407.436654315252,3.572,1409.88361267614,3.14918326268461,3.30102999566398,0.552911450216509,2.5962718124681,2.61006009695373
"logans",2017-01-13,"brachychiton_rupestris","br_2000","br_2000-brachychiton_rupestris",2000,320.219745500893,346.00284628178,4.13,1322.50754891869,3.12139815968218,3.30102999566398,0.615950051656401,2.50544810802577,2.53907967139216
"logans",2017-01-13,"brachychiton_rupestris","br_2000","br_2000-brachychiton_rupestris",2000,311.943688460115,333.270450834429,4.768,1487.34750657783,3.17241244973054,3.30102999566398,0.67833624673218,2.49407620299836,2.52279680898471
"logans",2017-01-13,"brachychiton_rupestris","br_2000","br_2000-brachychiton_rupestris",2000,413.802852038928,400.115526933025,3.59,1485.55223881975,3.17188792819102,3.30102999566398,0.555094448578319,2.6167934796127,2.60218540499182
"logans",2017-01-13,"brachychiton_rupestris","br_2000","br_2000-brachychiton_rupestris",2000,379.743694217262,463.459194283599,4.087,1552.01247826595,3.1908952086878,3.30102999566398,0.611404637711593,2.57949057097621,2.66601150228288
"logans",2017-01-13,"brachychiton_rupestris","br_2000","br_2000-brachychiton_rupestris",2000,366.056369111359,429.718346348117,4.555,1667.38676130224,3.2220363489685,3.30102999566398,0.658488381309017,2.56354796765948,2.63318389580087
"logans",2017-01-13,"brachychiton_rupestris","br_2000","br_2000-brachychiton_rupestris",2000,490.515534609221,603.833854090651,3.895,1910.55800730292,3.28116022803287,3.30102999566398,0.590507462008583,2.69065276602429,2.78091745819453
"logans",2017-01-13,"brachychiton_rupestris","br_2000","br_2000-brachychiton_rupestris",2000,444.360601112572,406.163414770517,3.967,1762.77850461357,3.24619774606716,3.30102999566398,0.598462200474151,2.64773554559301,2.60870080169101
"logans",2017-01-13,"brachychiton_rupestris","br_2000","br_2000-brachychiton_rupestris",2000,364.146509794257,391.521160006063,3.503,1275.60522380928,3.10571628908056,3.30102999566398,0.544440137317692,2.56127615176287,2.59275523874526
"logans",2017-01-13,"brachychiton_rupestris","br_2000","br_2000-brachychiton_rupestris",2000,364.46481968044,403.298625794863,5.22,1902.5063587319,3.27932611698404,3.30102999566398,0.717670503002262,2.56165561398177,2.60562674218931
"logans",2017-01-13,"brachychiton_rupestris","br_2000","br_2000-brachychiton_rupestris",2000,438.631023161264,390.884540233695,3.163,1387.38992625908,3.1421985367932,3.30102999566398,0.500099191915723,2.64209934487747,2.59204849411101
"logans",2017-01-13,"brachychiton_rupestris","br_2000","br_2000-brachychiton_rupestris",2000,428.126796917198,426.853557372463,3.62,1549.81900484026,3.19028098217746,3.30102999566398,0.558708570533166,2.63157241164429,2.63027890515747
"logans",2017-01-13,"cupaniopsis_anacardioides","ca_2000","ca_2000-cupaniopsis_anacardioides",2000,169.022549563593,216.450722604978,4.364,737.614406295519,2.86782939030364,3.30102999566398,0.639884741916304,2.22794464838734,2.3353590400121
"logans",2017-01-13,"cupaniopsis_anacardioides","ca_2000","ca_2000-cupaniopsis_anacardioides",2000,148.969026734014,184.938043872782,4.886,727.862664622393,2.86204944301741,3.30102999566398,0.688953462637418,2.17309598037999,2.2670262596962
"logans",2017-01-13,"cupaniopsis_anacardioides","ca_2000","ca_2000-cupaniopsis_anacardioides",2000,172.842268197798,207.538045791832,5.539,957.373323547605,2.9810813220414,3.30102999566398,0.743431365146684,2.23764995689471,2.31709772303779
"logans",2017-01-13,"cupaniopsis_anacardioides","ca_2000","ca_2000-cupaniopsis_anacardioides",2000,150.560576164933,192.895791027377,4.609,693.933695544176,2.8413179761682,3.30102999566398,0.66360670812452,2.17771126804368,2.28532275147215
"logans",2017-01-13,"cupaniopsis_anacardioides","ca_2000","ca_2000-cupaniopsis_anacardioides",2000,139.738040034684,159.791562864263,4.242,592.76876582713,2.77288531172853,3.30102999566398,0.627570664180543,2.14531464754799,2.20355384445089
"logans",2017-01-13,"cupaniopsis_anacardioides","ca_2000","ca_2000-cupaniopsis_anacardioides",2000,115.228178798532,140.056349920868,3.576,412.055967383551,2.61495620796291,3.30102999566398,0.55339751012388,2.06155869783903,2.14630280379205
"logans",2017-01-13,"cupaniopsis_anacardioides","ca_2000","ca_2000-cupaniopsis_anacardioides",2000,162.338041953733,183.983114214231,4.031,654.384647115499,2.81583310155685,3.30102999566398,0.605412798153051,2.2104203034038,2.2647779657264
"logans",2017-01-13,"cupaniopsis_anacardioides","ca_2000","ca_2000-cupaniopsis_anacardioides",2000,136.236631286662,152.78874536822,4.34,591.266979784115,2.77178362583155,3.30102999566398,0.637489729512511,2.13429389631904,2.18409136468145
"logans",2017-01-13,"cupaniopsis_anacardioides","ca_2000","ca_2000-cupaniopsis_anacardioides",2000,143.239448782706,164.56621115702,5.665,811.451477354028,2.90926255528063,3.30102999566398,0.753199914199416,2.15606264108121,2.21634067039981
"logans",2017-01-13,"cupaniopsis_anacardioides","ca_2000","ca_2000-cupaniopsis_anacardioides",2000,130.507053335354,158.200013433344,6,783.042320012125,2.89378523440925,3.30102999566398,0.778151250383644,2.1156339840256,2.1992065160392
"logans",2017-01-13,"cupaniopsis_anacardioides","ca_3000","ca_3000-cupaniopsis_anacardioides",3000,171.887338539247,208.811285336567,5.26,904.127400716439,2.95622963128257,3.47712125471966,0.720985744153739,2.23524388712883,2.31975396668153
"logans",2017-01-13,"cupaniopsis_anacardioides","ca_3000","ca_3000-cupaniopsis_anacardioides",3000,174.433817628717,213.26762374314,3.852,671.919065505819,2.82731696424273,3.47712125471966,0.585686278452497,2.24163068579024,2.32892493000669
"logans",2017-01-13,"cupaniopsis_anacardioides","ca_3000","ca_3000-cupaniopsis_anacardioides",3000,122.549306180759,161.383112295182,5.37,658.089774190678,2.81828514251392,3.47712125471966,0.729974285699556,2.08831085681437,2.2078580866392
"logans",2017-01-13,"cupaniopsis_anacardioides","ca_3000","ca_3000-cupaniopsis_anacardioides",3000,129.233813790619,190.985931710274,4.361,563.58866194089,2.75096224755649,3.47712125471966,0.639586086673427,2.11137616088306,2.28100137768951
"logans",2017-01-13,"cupaniopsis_anacardioides","ca_3000","ca_3000-cupaniopsis_anacardioides",3000,176.980296718188,210.084524881302,4.947,875.521527864874,2.9422668292521,3.47712125471966,0.694341910364181,2.24792491888792,2.32239406284773
"logans",2017-01-13,"cupaniopsis_anacardioides","ca_3000","ca_3000-cupaniopsis_anacardioides",3000,152.152125595852,200.535228295788,4.725,718.9187934404,2.85667983676327,3.47712125471966,0.674401812845282,2.18227802391799,2.30219067675945
"logans",2017-01-13,"cupaniopsis_anacardioides","ca_3000","ca_3000-cupaniopsis_anacardioides",3000,159.154943091895,200.535228295788,5.292,842.24795884231,2.92543996715735,3.47712125471966,0.723619835515463,2.20182013164189,2.30219067675945
"logans",2017-01-13,"cupaniopsis_anacardioides","ca_3000","ca_3000-cupaniopsis_anacardioides",3000,146.422547644544,179.208465921474,4.496,658.315774209869,2.81843426154845,3.47712125471966,0.652826302561005,2.16560795898744,2.25335852215721
"logans",2017-01-13,"cupaniopsis_anacardioides","ca_3000","ca_3000-cupaniopsis_anacardioides",3000,186.847903189885,190.985931710274,4.843,904.904395148614,2.95660269760002,3.47712125471966,0.685114469046539,2.27148822855348,2.28100137768951
"logans",2017-01-13,"ficus_microcarpa_hillii","fmh_2000","fmh_2000-ficus_microcarpa_hillii",2000,121.594376522208,132.735222538641,5.069,616.361894591073,2.78983578144098,3.30102999566398,0.704922291223402,2.08491349021757,2.12298618227962
"logans",2017-01-13,"ficus_microcarpa_hillii","fmh_2000","fmh_2000-ficus_microcarpa_hillii",2000,202.445087612891,209.447905108934,4.94,1000.07873280768,3.00003419187793,3.30102999566398,0.693726948923647,2.30630724295428,2.32107602091982
"logans",2017-01-13,"ficus_microcarpa_hillii","fmh_2000","fmh_2000-ficus_microcarpa_hillii",2000,143.239448782706,166.476070474123,4.722,676.376677151937,2.83018862382392,3.30102999566398,0.674125982742708,2.15606264108121,2.22135181617314
"logans",2017-01-13,"ficus_microcarpa_hillii","fmh_2000","fmh_2000-ficus_microcarpa_hillii",2000,134.008462083376,155.653534343874,4.342,581.864742366018,2.76482204225994,3.30102999566398,0.637689819118401,2.12713222314153,2.19215898642949
"logans",2017-01-13,"ficus_microcarpa_hillii","fmh_2000","fmh_2000-ficus_microcarpa_hillii",2000,160.428182636631,171.887338539247,4.8,770.055276655826,2.88652190112698,3.30102999566398,0.681241237375587,2.20528066375139,2.23524388712883
"logans",2017-01-13,"ficus_microcarpa_hillii","fmh_2000","fmh_2000-ficus_microcarpa_hillii",2000,130.507053335354,150.560576164933,3.802,496.187816781017,2.69564609655503,3.30102999566398,0.580012112529424,2.1156339840256,2.17771126804368
"logans",2017-01-13,"ficus_microcarpa_hillii","fmh_2000","fmh_2000-ficus_microcarpa_hillii",2000,132.098602766273,122.867616066943,4.737,625.751081303836,2.79640160874592,3.30102999566398,0.675503384727957,2.12089822401796,2.08943743197762
"logans",2017-01-13,"ficus_microcarpa_hillii","fmh_2000","fmh_2000-ficus_microcarpa_hillii",2000,130.507053335354,149.287336620198,5.231,682.682395997238,2.83421870405304,3.30102999566398,0.718584720027436,2.1156339840256,2.17402297002095
"logans",2017-01-13,"ficus_microcarpa_hillii","fmh_2000","fmh_2000-ficus_microcarpa_hillii",2000,129.870433562987,142.284519124154,4.657,604.806609102829,2.78161652832848,3.30102999566398,0.668106237932731,2.11351029039575,2.1531576504378
"logans",2017-01-13,"ficus_microcarpa_hillii","fmh_2000","fmh_2000-ficus_microcarpa_hillii",2000,150.560576164933,129.870433562987,4.138,623.019664170493,2.79450175437339,3.30102999566398,0.616790486329716,2.17771126804368,2.11351029039575
"logans",2017-01-13,"ficus_microcarpa_hillii","fmh_2000","fmh_2000-ficus_microcarpa_hillii",2000,141.011279579419,161.064802408998,3.883,547.546798606885,2.73842124407498,3.30102999566398,0.589167390546048,2.14925385352894,2.20700064414567
"logans",2017-01-13,"ficus_microcarpa_hillii","fmh_2000","fmh_2000-ficus_microcarpa_hillii",2000,152.152125595852,162.019732067549,4.473,680.576457790246,2.83287692209064,3.30102999566398,0.650598898172657,2.18227802391799,2.20956790964263
"logans",2017-01-13,"ficus_microcarpa_hillii","fmh_2000","fmh_2000-ficus_microcarpa_hillii",2000,139.738040034684,155.971844230057,3.912,546.655212615684,2.73771349366355,3.30102999566398,0.592398846115564,2.14531464754799,2.19304620733438
"logans",2017-01-13,"ficus_microcarpa_hillii","fmh_3000","fmh_3000-ficus_microcarpa_hillii",3000,202.126777726707,228.228188393778,5.387,1088.85695161377,3.0369708281438,3.47712125471966,0.731346975545955,2.30562385259784,2.35836928297367
"logans",2017-01-13,"ficus_microcarpa_hillii","fmh_3000","fmh_3000-ficus_microcarpa_hillii",3000,217.405652263529,244.143682702967,5.126,1114.42137350285,3.04704943283562,3.47712125471966,0.709778601848225,2.3372708309874,2.38764549125485
"logans",2017-01-13,"ficus_microcarpa_hillii","fmh_3000","fmh_3000-ficus_microcarpa_hillii",3000,213.26762374314,233.639456458902,5.314,1133.30415257104,3.05434648008095,3.47712125471966,0.725421550074259,2.32892493000669,2.36854618722194
"logans",2017-01-13,"ficus_microcarpa_hillii","fmh_3000","fmh_3000-ficus_microcarpa_hillii",3000,178.571846149107,199.580298637237,4.987,890.537796745595,2.94965235678039,3.47712125471966,0.697839368218363,2.25181298856203,2.30011766813658
"logans",2017-01-13,"ficus_microcarpa_hillii","fmh_3000","fmh_3000-ficus_microcarpa_hillii",3000,196.715509661583,212.949313856956,4.699,924.366179899777,2.96584404741763,3.47712125471966,0.672005445022952,2.29383860239468,2.32827624507369
"logans",2017-01-13,"ficus_microcarpa_hillii","fmh_3001","fmh_3001-ficus_microcarpa_hillii",3000,196.715509661583,208.811285336567,5.087,1000.69179764847,3.00030034002604,3.47712125471966,0.706461737631355,2.29383860239468,2.31975396668153
